Figure 2 - monocytes,Figure 2 - cDC2,Figure 2 - MoMac,Figure 3 - AM,Figure 3 - MoMac,Figure 3 - Monocytes,Figure S4 - CD4 within Tactivated cluster,Figure S4 - CD8 within Tactivated cluster,Figure S4 - cycling analysis - T_Nklike,Figure S4 - cycling analysis - T_GZMK,Figure S4 - cycling analysis - CD8_Trm,Figure S4 - cycling analysis - T_activated,Figure S4 - cycling analysis - CD4_Trm,Figure S4 - cycling analysis - Tcm_naive-like,Figure S4 - cycling analysis - Treg,Figure S4 - cycling analysis - Tcycle,Figure S6 - Lymphatics,Figure S6 - Normal BEC,Figure S6 - Tumor BEC,Figure S6 - Normal fibroblast,Figure S6 - CAF
HES4,TNFRSF18,AP006222.2,KAZN,ISG15,RP5-892K4.1,TNFRSF4,TNFRSF9,AP006222.2,PLCH2,FASLG,B3GALT6,SKI,LDLRAP1,HES4,UBE2J2,RGS16,FCN3,RBP7,MACF1,PLA2G2A
RP3-395M20.12,ANKRD65,FAM213B,CELA2B,TNFRSF4,RP3-395M20.12,PTP4A2,TNFRSF1B,MMP23B,HIPK1-AS1,LYST,FBXO2,SH3BGRL3,TOMM20,TNFRSF18,PUSL1,PROX1,S100A3,HSPG2,MCOLN3,CTSK
RBP7,PRDM16,HES2,TCEA3,FAM213B,RBP7,S100A9,RUNX3,C1orf174,CH17-373J23.1,CD8A,NBL1,CD52,SH3YL1,TNFRSF4,AURKAIP1,NRP2,PRKCE,ACKR1,CYR61,ITLN1
TNFRSF8,TNFRSF9,PER3,STMN1,PER3,TNFRSF8,THADA,SERBP1,THAP3,FCER1G,CD8B,MAP3K6,AGO3,CFAP36,SDF4,ATAD3B,MMRN1,ARID5A,IGFBP3,SLC19A2,ACTG2
TNFRSF1B,GPR157,SLC2A5,CD52,ERRFI1,TNFRSF1B,LIMS1,VCAM1,FBXO6,SH2D1B,ITM2C,SESN2,P3H1,TRABD2A,TNFRSF14,ATAD3A,SMAD1,IL1RL1,ENPP2,FMO2,CHN1
PADI4,SLC25A33,PEX14,TMCO2,ENO1,PADI4,NABP1,PTPN22,DRAXIN,XCL1,CCR5,KIAA0319L,EPS15,MAL,FAM213B,GNB1,FLT4,VIPR1,NUAK1,ANGPTL1,COL3A1
CDA,PADI2,DHRS3,SLC1A7,SLC2A5,ECE1,TRAT1,C1orf56,EFHD2,CD55,CLDND1,EVA1B,TTLL7,SLC40A1,RNF207,RER1,SEMA3A,B3GALNT1,INSR,PRELP,COL5A2
ECE1,RUNX3,PDPN,DHCR24,PDPN,PAQR7,TFRC,XCL2,MUL1,FOSL2,DZIP3,ZC3H12A,GLMN,NBEAL1,TNFRSF25,ICMT,TSTA3,HES1,PLVAP,G0S2,SERPINE2
RNF19B,RP4-799D16.1,FHAD1,PCSK9,TMEM51,SYTL1,CXCL13,XCL1,PAFAH2,NR4A2,ZNF80,POU3F1,FAM102B,EEF1B2,UTS2,ACOT7,CCL21,HPGD,,PLEKHH2,CCDC80
PHC2,AHDC1,ARHGEF10L,C8B,IGSF21,FCN3,IL7R,PRDX6,SYTL1,IGFBP2,TMEM39A,KDM4A,HIPK1,PASK,ERRFI1,ENO1,PGM5,IRF1,,SCN7A,SFRP2
CSF3R,SMPDL3B,IGSF21,RP5-1103B4.3,PLA2G2D,MARCKSL1,IL6ST,IVNS1ABP,FGR,B3GNT7,TPRG1,JUN,SRGAP2C,CMTM8,RERE,SLC25A33,IGF2,STC2,,CCK,TDO2
MTF1,INPP5B,PLA2G2D,DNAJC6,KIF17,RNF19B,TNFAIP8,PPM1G,THEMIS2,TXK,ARAP2,DNAJB4,RNF115,FHIT,SPSB1,CTNNBIP1,LYVE1,BTNL9,,ROBO2,COL12A1
CTH,OXCT2,PINK1,PTGER3,EPHB2,CSF3R,MZB1,CAPG,XKR8,SPINK2,DTHD1,IFI44L,S100A10,LINC01215,MIIP,LZIC,LAYN,SERPINB1,,ABI3BP,COL10A1
ARHGAP29,MYCL,C1QA,TMEM56,ID3,SMAP2,TMEM173,CD8A,PTP4A2,AREG,DDX60,LMO4,S100A11,LEF1,TNFRSF8,PGD,CHST15,SERPINB9,,SLIT2,THBS2
F3,COL9A2,C1QC,RP11-284N8.3,FUCA1,PDE4B,NR3C1,CD8B,C1orf109,ERGIC1,FAM105A,GBP3,S100A6,GCNT4,TNFRSF1B,APITD1,PTPRE,CDKN1A,,ADH1B,SFRP4
ZNF697,CTPS1,C1QB,KCNA3,PTAFR,CTH,MYLIP,CHN1,SLC2A1,PRR7,GZMK,VCAM1,GLUL,TCF7,PRDM2,SRM,PPFIBP1,SGK1,,NPNT,INHBA
NOTCH2,BEND5,EPHB2,CD101,SNHG12,ST6GALNAC3,FKBP5,SRGAP3,SCP2,TRIM39,ENC1,CSF1,EDEM3,GNB2L1,FBXO42,EXOSC10,NTS,SOSTDC1,,USP53,COL1A2
NBPF9,ELAVL4,FUCA1,S100A13,RAB42,ARHGAP29,AIM1,OXNAD1,SSBP3,TRGV9,F2R,PHTF1,FAM129A,C6orf48,NECAP2,MAD2L2,SLC24A1,IL6,,ITGA2,EGFL6
NBPF19,GPX7,PAFAH2,S100A1,SDC3,F3,SGK1,CXCR6,TTC22,AUTS2,TNF,BCAS2,DENND1B,EEF1A1,EMC1,SZRD1,C16orf62,SERPINE1,,FGFR4,BGN
MTMR11,FAM159A,IFI6,FCRL1,SH3D21,AMPD2,ELMO1,GOLIM4,CRYZ,ABCB1,TAGAP,NOTCH2,ATP2B4,TOMM7,ECE1,SDHB,ADGRG3,SOX7,,IER3,SULF1
S100A9,TACSTD2,RAB42,CD5L,EVA1B,TSPAN2,TMEM243,C4orf3,SSX2IP,LINC00996,AOAH,PIAS3,MDM4,SCML1,ZDHHC18,RCC2,DHODH,GPIHBP1,,TNXB,CTHRC1
S100A12,GADD45A,SDC3,GPA33,RP11-69E11.4,NBPF26,OFD1,SPRY1,TGFBR3,TLE1,KMT2E-AS1,ANKRD35,RAB3GAP2,EIF2S3,IFI6,MRTO4,C17orf67,LRRC32,,DST,FBXO32
S100A8,PTGER3,FABP3,TNNI1,SLC2A1,NBPF10,GPM6B,ITGA1,S1PR1,IFITM3,SH2D1A,HIST2H2BE,ADAM17,BEX2,FHL3,AKR7A2,PARD6G,BIRC3,,CTGF,CCL19
TOMM40L,NEGR1,SERINC2,PHLDA3,ELAVL4,NBPF9,SAT1,GZMA,CYB561D1,ZBTB16,SDCBP,VPS45,ROCK2,AP3M2,COL9A2,HP1BP3,TBX1,C10orf10,,TCF21,TPM2
F5,LPAR3,SPOCD1,FAM89A,ACOT11,NBPF19,TIMP1,HLA-DRB1,CEPT1,ARL5B,LRRC69,FLAD1,LPIN1,PABPC1,JAK1,KDM1A,TFF3,ADRB1,,INMT,COL5A1
IVNS1ABP,MCOLN2,OSCP1,CHRM3,PLPP3,MTMR11,SH2D1A,CHST12,DENND2D,MAP3K8,DKK3,MUC1,NBAS,EIF3E,LEPROT,HNRNPR,,HSPB8,,ELN,MMP3
PTGS2,FNBP1L,TMEM53,GRHL1,AK4,S100A9,CTSB,TRBC1,TSPAN2,PIK3AP1,EGR2,SYT11,ATAD2B,MYC,SLC35D1,E2F2,,EDNRB,,GPM6B,THY1
ZNF281,GSTM3,PRDX1,KLHL29,TCTEX1D1,S100A12,SMARCA2,CCDC107,SEC22B,ITPRIP,CLEC2B,SEMA4A,CRIM1,EEF1D,IL12RB2,PITHD1,,WARS,,FIGF,ACTA2
IL10,PPM1J,AKR1A1,STON1,DNAJB4,S100A8,CD59,SET,GPR89B,KLRC1,OLR1,SLC25A44,SOS1,PLEKHB1,GADD45A,GALE,,MT2A,,GPC3,NDUFA4L2
IL24,PHTF1,PLPP3,RP11-77A13.1,DNASE2B,S100A7,KLF6,CARS,LINC01138,SPRY2,KLRK1,HSPA6,EML4,EIF4B,GBP2,SRSF10,,MT1M,,HAS2,ALDH1A3
CD55,CD2,JUN,RND3,MCOLN2,ETV3,UPF2,RARRES3,NBPF19,TRDC,IFNG,HSD17B7,USP34,TESPA1,GBP5,CLIC4,,MT1X,,MAMDC2,HIGD1B
LAMB3,RP11-126K1.6,GNG12,PECR,MCOLN3,CD1D,FAM107B,CTSW,C1orf56,TPSB2,DUSP6,CREG1,AC009501.4,NACA,VAV3,STMN1,,CX3CL1,,NR4A3,COL1A1
G0S2,THEM4,DNASE2B,IGFBP2,GBP1,FCER1A,SRGN,PPP1CA,CDC42SE1,TPSAB1,NIN,TNFSF4,CAPG,TPT1,RAP1A,ZNF593,,FENDRR,,SVEP1,CST1
1-Mar,TCHH,MCOLN3,MOGAT1,GBP4,CD48,ADD3,GSTP1,TNFAIP8L2,KDM6B,TMEM170A,CACYBP,ANKRD36C,LINC00402,CTTNBP2NL,HMGN2,,SLC6A4,,PTGDS,COX4I2
RP11-295G20.2,ETV3,GBP1,SLC19A3,GBP5,CD244,SLC2A3,JAML,SLC27A3,GAS7,TERF2IP,IER5,MAP3K2,FBLN5,MOV10,PPP1R8,,CCL8,,CRYAB,MMP9
RP5-827C21.4,RP11-404O13.5,GBP5,AC011286.1,LRRC39,F5,FOS,CRTAM,DENND4B,SPECC1,CCL5,RGS16,STAT4,CLUAP1,SLC16A1,ATPIF1,,CSF3,,ADAMTS8,NOTCH3
LYST,CD1A,EXTL2,MLPH,VCAM1,SELL,SMG1,GATA3,PYHIN1,ABHD15,CCL3,RGS2,ANKRD44,ADPRM,SLC16A1-AS1,RCC1,,MED24,,ITGA8,HAS1
NID1,CD1C,CSF1,PPARG,TMIGD3,IVNS1ABP,MAF,PRF1,FCRL6,METRNL,CCL4,PTPN7,CASP8,CCR7,CSDE1,TRNAU1AP,,CD300LG,,GDF10,MMP11
AHCTF1,CD1B,DENND2D,TSEN2,ADORA3,PTGS2,CCL4L2,ENTPD1,CD244,GADD45B,AC131056.3,DSTYK,DOCK10,SOCS3,CD58,SRSF4,,CA4,,COL13A1,
NLRP3,CD1E,TMIGD3,STAC,CTTNBP2NL,PACERR,VMP1,GSTO1,ARHGAP30,IER2,CCL3L3,IL10,GPR35,TTC39C-AS1,MAN1A2,MECR,,SLC14A1,,A2M,
RBKS,FCER1A,ADORA3,CAMP,OLFML3,RGS18,PTPN2,CCND2,FCGR2A,CAPN12,CCL4L2,G0S2,PPARG,HSBP1L1,ACP6,SNRNP40,,SLCO4A1,,MMP19,
FOSL2,PEA15,TXNIP,VGLL3,PLEKHO1,RGS2,TOX2,CD27,FCGR3A,MAFF,PECAM1,TRAF5,ANKRD28,ZFAS1,PI4KB,KHDRBS1,,GADD45B,,TSPAN8,
CDC42EP3,UCK2,PDE4DIP,LSAMP,C1orf54,ZNF281,TSHZ2,GAPDH,UHMK1,,TNFSF9,ATF3,SLC4A7,EEF2,RFX5,TMEM39B,,ICAM1,,RGCC,
CYP1B1,TNFSF4,ECM1,RP11-384F7.2,ECM1,LINC01136,TYROBP,PTMS,UAP1,,TRAPPC2P1,FLVCR1-AS1,TGFBR2,UBA52,THEM4,TXLNA,,ZFP36,,CAB39L,
CYP1B1-AS1,RGS16,CTSK,RP11-768G7.2,CTSK,RASSF5,APOC1,CLECL1,CD247,,RGL4,SNAP47,CXCR6,ZNF90,IL6R,CCDC28B,,PRX,,FBLN5,
PELI1,RGS1,S100A11,PPP2R3A,TCHH,IL24,FOSB,CLEC2B,METTL18,,ADORA2A-AS1,JMJD4,MAP4,FXYD7,PBXIP1,EIF3I,,,,DIO3OS,
AC074289.1,RGS13,S100A13,PCOLCE2,GLMP,CD55,,GABARAPL1,ZBTB37,,APOBEC3D,HIST3H2A,RBM5,SPINT2,ZBTB7B,HDAC1,,,,THBS1,
TET3,DENND1B,RAB13,WWTR1,CRABP2,G0S2,,KLRD1,C1orf21,,PARVG,GALNT2,PCBP4,GLTSCR2,SLC50A1,MARCKSL1,,,,CES1,
ATOH8,MIR181A1HG,GBA,MBNL1-AS1,CD1B,TRAF3IP3,,KRT86,CFH,,,B3GALNT2,ATXN7,NOSIP,GLMP,RBBP4,,,,MYH10,
MAP4K4,NAV1,GLMP,MME,CD1E,RP11-61J19.5,,ALOX5AP,RAB29,,,GNG4,TMF1,SMDT1,SH2D2A,AK2,,,,MFAP4,
IL1A,PTPN7,AIM2,KCNAB1,AIM2,1-Mar,,ZC3H13,TRAF3IP3,,,CHRM3-AS2,EIF4E3,,SLAMF1,PSMB2,,,,CCL2,
IL1B,PLXNA2,SLAMF8,MLF1,SLAMF8,HLX,,GZMH,PPP2R5A,,,RSAD2,GOLGB1,,ALDH9A1,CLSPN,,,,CCL11,
IL1RN,TRAF5,CD84,ZDHHC19,SLAMF9,RP11-295G20.2,,GZMB,ZNF692,,,ID2,ATP11B,,F5,THRAP3,,,,AOC3,
ZEB2,PCNXL2,SLAMF7,GABRA4,KCNJ10,RP11-443B7.1,,GPR65,FAM228B,,,RHOB,ZFYVE28,,SELL,MRPS15,,,,ARL4D,
ZEB2-AS1,WDR64,ITLN1,PPBP,CD84,LYST,,PDIA3,SLC35F6,,,ADCY3,FAM193A,,TOR1AIP2,GNL2,,,,ABCA8,
TNFAIP6,ID2,FCGR3A,ABCG2,SLAMF7,NID1,,ITGAE,TRMT61B,,,QPCT,SEL1L3,,TOR1AIP1,CDCA8,,,,CCBE1,
CFLAR-AS1,LPIN1,OLFML2B,MSMO1,LY9,NLRP3,,CCL5,HEATR5B,,,SERTAD2,RBPJ,,STX6,UTP11L,,,,FSTL3,
GPBAR1,AC142119.1,MGST3,CPE,ITLN1,FAM49A,,CCL3,AC006369.2,,,MXD1,STIM2,,TRMT1L,MYCBP,,,,CFD,
AGFG1,FNDC4,CREG1,HPGD,PVRL4,LINC00954,,CD7,PLEK,,,MOGS,N4BP2,,MIR181A1HG,CTPS1,,,,FXYD1,
CCL20,BCL11A,RASAL2,CTD-3080P12.3,HSPA6,RBKS,,PMAIP1,ARHGAP25,,,MAT2A,CLOCK,,ZNF281,PPIH,,,,LTBP4,
EAF1,REL,ABL2,FAM134B,FCGR2B,FOSL2,,PTPRA,ANXA4,,,EIF2AK3,11-Sep,,KDM5B,YBX1,,,,PTGIR,
EAF1-AS1,AC007880.1,SOAT1,FGF10,FCRLB,PPP1CB,,CTSA,PCYOX1,,,BCL2L11,ELOVL6,,LAX1,SVBP,,,,LIF,
VIPR1,CEP68,MR1,FGF10-AS1,OLFML2B,SPDYA,,ACP5,RAB11FIP5,,,KIF5C,C4orf32,,IKBKE,EBNA1BP2,,,,,
LINC00694,CLEC4F,GLUL,ADAMTS6,UCK2,CYP1B1-AS1,,HCST,GNLY,,,PLEKHA3,MSMO1,,RASSF5,CDC20,,,,,
EIF4E3,CD207,NPL,ATP6AP1L,CREG1,PELI1,,NKG7,ZAP70,,,AC104820.2,RICTOR,,FCMR,HYI,,,,,
GPR27,TRABD2A,PHLDA3,PPIC,ABL2,MXD1,,IL2RB,INPP4A,,,HSPD1,BDP1,,DUSP10,ERI3,,,,,
PROK2,SEMA4C,CHI3L1,CTB-178M22.2,RGS16,MAT2A,,APOBEC3C,LIPT1,,,HSPE1,CTC-428H11.2,,ADCK3,KIF2C,,,,,
LINC00877,AFF3,CHIT1,ADTRP,NPL,ATOH8,,APOBEC3G,SLC20A1,,,C2orf69,SLC12A2,,EGLN1,EIF2B3,,,,,
RYBP,PDCL3,RAB7B,EDN1,RGL1,AFF3,,,C2orf76,,,CLK1,CXCL14,,SMYD3,UROD,,,,,
NFKBIZ,IL1R2,CR1L,TREM1,C1orf21,IL1R2,,,PTPN4,,,KLF7,DIAPH1,,CNST,TOE1,,,,,
CSTA,IL18R1,HSD11B1,ENPP4,RGS1,IL1RL2,,,ZEB2,,,DNAJB2,SCGB3A2,,TRIB2,PRDX1,,,,,
ABTB1,FHL2,NENF,ENPP5,CFH,IL1A,,,ORC4,,,CHPF,ITK,,LINC00954,AKR1A1,,,,,
GK5,BIN1,EPHX1,TMEM14A,CHI3L1,IL1B,,,ANKAR,,,AGFG1,ADAM19,,LAPTM4A,NASP,,,,,
TM4SF1,PROC,TMEM63A,MYO6,CHIT1,ZEB2-AS1,,,PMS1,,,CCL20,TRIM41,,RAB10,RAD54L,,,,,
PTX3,MZT2A,PSEN2,SOBP,CAMK1G,NR4A2,,,KCTD18,,,COL6A3,ATXN1,,HADHB,UQCRH,,,,,
HES1,NCKAP5,FAM89A,HDDC2,HSD11B1,GALNT3,,,TMBIM1,,,PDCD1,FKBP5,,NRBP1,STIL,,,,,
ATP13A3,CXCR4,COA6,RSPO3,TGFB2,AC013461.1,,,CTDSP1,,,ITPR1,TRERF1,,MRPL33,FAF1,,,,,
LINC00884,SCN9A,KMO,ENPP3,RP11-400N13.3,ITGA4,,,FAM134A,,,BHLHE40-AS1,RUNX2,,RBKS,ORC1,,,,,
MFI2,RAPGEF4,SCCPDH,MYB,CNIH3,CALCRL,,,NMUR1,,,SRGAP3,RCAN2,,BRE,PRPF38A,,,,,
S100P,SDPR,RSAD2,RP13-143G15.4,RSAD2,SDPR,,,DGKD,,,CAMK1,ZNF451,,HNRNPLL,GPX7,,,,,
SULT1B1,ABI2,TP53I3,MTFR2,PDIA6,STK17B,,,UBE2F,,,ABHD5,SCML4,,THADA,MAGOH,,,,,
CXCL8,CTLA4,DTNB,MACC1,EMILIN1,RP11-347P5.1,,,CRBN,,,CCRL2,ARHGAP18,,TTC7A,NDC1,,,,,
CXCL2,RUFY4,SLC35F6,ITGB8,ALK,FAM117B,,,SUMF1,,,ALAS1,TMEM200A,,REL,HSPB11,,,,,
EREG,SLC4A3,EMILIN1,PRR15,RASGRP3,GPBAR1,,,IQSEC1,,,PPM1M,HECA,,B3GNT2,LRRC42,,,,,
RP11-384K6.8,AP1S3,FAM98A,TRGC2,GALM,TUBA4A,,,SH3BP5,,,DCP1A,DYNLT1,,UGP2,MRPL37,,,,,
TNIP3,ITM2C,CRIM1,TRGC1,HAAO,PID1,,,EAF1,,,PVRL3,ORAI2,,VPS54,USP1,,,,,
NOCT,ARL4C,AC104654.2,INHBA,SLC1A4,DGKD,,,MYD88,,,ZBED2,LINC-PINT,,PELI1,ITGB3BP,,,,,
RP11-362F19.1,SH3BP4,EML4,RP11-395B7.4,CNRIP1,GPR35,,,CX3CR1,,,CD200,KMT2C,,AC074289.1,PGM1,,,,,
TLR2,RAMP1,MDH1,RP5-884M6.1,ANTXR1,CX3CR1,,,SLC25A20,,,H1FX,PRKX,,AFTPH,SERBP1,,,,,
ACSL1,PDCD1,CNRIP1,SSMEM1,HK2,VIPR1,,,RASSF1,,,NUDT16,KDM6A,,PNO1,DEPDC1,,,,,
MIR3945HG,EGOT,ANXA4,ARHGEF35,GPAT2,LINC00694,,,NPRL2,,,RNF7,KDM5C,,NAGK,ACADM,,,,,
LPCAT1,BHLHE40,SPR,OR2A1-AS1,NCAPH,NBEAL2,,,FAM19A1,,,PLSCR1,MSN,,DUSP11,GNG5,,,,,
SNX18,GHRL,CAPG,ARHGEF5,NEURL3,CACNA2D3,,,PROK2,,,SIAH2,OGT,,ACTG2,HS2ST1,,,,,
MAP3K1,FBLN2,AC109826.1,GS1-600G8.5,MGAT4A,RP11-154H23.4,,,CD47,,,GOLIM4,TSIX,,VAMP8,CDC7,,,,,
PLK2,RFTN1,10-Sep,XK,SULT1C2,EIF4E3,,,B4GALT4,,,ACTRT3,SYTL4,,AC133644.2,CCDC18,,,,,
PDE4D,SGOL1,MERTK,AWAT2,SH3RF3,GPR27,,,PARP15,,,TNFSF10,DOCK5,,LINC00152,ALG14,,,,,
NAIP,CMTM8,MARCO,FHL1,MERTK,PROK2,,,TFDP2,,,TRA2B,KCTD9,,ARID5A,SASS6,,,,,
VCAN,IMPDH2,RP11-77A13.1,ANGPT2,TMEM37,LINC00877,,,GK5,,,CCDC50,TRIM35,,ACTR1B,GPSM2,,,,,
LUCAT1,CACNA2D3,STEAP3,DEFB1,PROC,RYBP,,,RAP2B,,,FAM43A,PTK2B,,TBC1D8,PSRC1,,,,,
FBN2,WNT5A,TMEM37,NEIL2,NCKAP5,NFKBIZ,,,EIF5A2,,,XXYLT1,CLU,,IL1R2,PSMA5,,,,,
APBB3,ERC2,TFCP2L1,FDFT1,TMEM163,RP11-221J22.2,,,NRROS,,,PCGF3,NUGGC,,IL1R1,WDR77,,,,,
CCDC69,DNASE1L3,GYPC,RP11-44D19.1,AC092484.1,ABTB1,,,NCBP2-AS2,,,CXCL13,KIF13B,,IL1RL1,ATP5F1,,,,,
CTB-114C7.4,KBTBD8,LIMS2,CRH,DPP4,RASA2,,,ZNF595,,,PTPN13,NSMAF,,IL18R1,NRAS,,,,,
PRR7,BTLA,RND3,PKIA,DHRS9,GK5,,,SPON2,,,FAM13A,PDE7A,,UXS1,TTF2,,,,,
TRIM7,CD200R1,FMNL2,FABP4,ITGA6,CHST2,,,SH3BP2,,,BANK1,NCOA2,,LIMS1,PHGDH,,,,,
TMEM170B,SIDT1,DHRS9,AQP7,AC078883.3,PTX3,,,LYAR,,,OTUD4,RNF19A,,MIR4435-2HG,CHD1L,,,,,
RNF144B,CD80,ITGA6,AQP3,CIR1,HES1,,,NSG1,,,NAF1,TRPS1,,AC017002.1,HIST2H2AC,,,,,
FAM65B,RP11-190C22.9,CHRNA1,CORO2A,CHRNA1,LINC00884,,,AC093323.3,,,1-Mar,ASAP1,,FBLN7,SF3B4,,,,,
XXbac-BPG252P9.10,PLA1A,SLC40A1,GALNT12,SLC40A1,FAM43A,,,BLOC1S4,,,SAP30,ST3GAL1,,ZC3H8,ANP32E,,,,,
RP3-525N10.2,TRH,STAT1,TNNI2,STAT1,FGFBP2,,,FBXL5,,,ANKRD37,AGO2,,SLC35F5,ENSA,,,,,
PNRC1,GPR171,NRP2,ANO5,RAPH1,SULT1B1,,,FGFBP2,,,FAM134B,DENND3,,PLEKHB2,PSMD4,,,,,
VNN1,P2RY14,AC079767.4,APIP,NRP2,CXCL2,,,KLF3,,,ZNF131,PLEC,,ACVR1,PSMB4,,,,,
VNN3,GPR160,IDH1,DTX4,AC079767.4,EREG,,,GNPDA2,,,PLPP1,DOCK8,,LY75,MRPL9,,,,,
VNN2,LAMP3,FN1,PLA2G16,MREG,AREG,,,IGFBP7,,,ANKRD55,PLIN2,,IFIH1,CHTOP,,,,,
TNFAIP3,B3GNT5,MREG,RHOD,TNS1,PRDM8,,,SDAD1,,,PLK2,GBA2,,GCA,ILF2,,,,,
HECA,EIF2B5-AS1,TNS1,TBC1D10C,VIL1,THAP9-AS1,,,PLAC8,,,PDE4D,RNF38,,TLK1,TPM3,,,,,
SOD2,EPHB3,TMBIM1,FOLR3,HTR2B,NFKB1,,,ELF2,,,ADAMTS6,AC129778.2,,METTL8,PMVK,,,,,
WTAP,MAGEF1,CYP27A1,FOLR1,RAMP1,AC004069.2,,,ARFIP1,,,STARD4,MVB12B,,DYNC1I2,CKS1B,,,,,
LFNG,P3H2,RP11-459I19.1,PLEKHB1,RP11-24F11.2,TET2,,,FNIP2,,,FNIP1,FAM102A,,PDK1,GBA,,,,,
TWISTNB,CLDN1,MLPH,AMOTL1,CCR5,RPL34,,,LPCAT1,,,PDLIM4,PRRC2B,,GPR155,FDPS,,,,,
PPP1R17,MB21D2,CPNE9,TRPC6,KLHDC8B,RP11-384K6.8,,,CCDC152,,,LEAP2,FCN1,,TTN,RUSC1,,,,,
RAMP3,TCTEX1D2,PPARG,PDGFD,WNT5A,SCLT1,,,ANXA2R,,,AFF4,FNBP4,,CCDC141,LAMTOR2,,,,,
RABGEF1,NRROS,FGD5,AKR1C2,FLNB,NOCT,,,SNX18,,,EGR1,CD6,,ITGAV,GPATCH4,,,,,
CD36,CLNK,STAC,ITIH5,FILIP1L,ELF2,,,ARRDC3,,,HAVCR2,AHNAK,,HIBCH,HDGF,,,,,
STEAP4,TLR10,CDCP1,SVIL,TMEM45A,MAML3,,,RHOBTB3,,,LCP2,RBM4,,NEMP2,IFI16,,,,,
KMT2E-AS1,TMEM156,CAMP,ZNF365,ALCAM,RP11-362F19.1,,,LNPEP,,,TSPAN17,SIK3,,NAB1,FCRLA,,,,,
NAMPT,RHOH,KLHDC8B,SH2D4B,SLC12A8,RP11-362F19.3,,,PGGT1B,,,DBN1,SFMBT2,,NABP1,DUSP12,,,,,
RP11-22N19.2,NSUN7,HYAL2,RBP4,CHCHD6,PRMT9,,,CCDC112,,,PHYKPL,CELF2,,STK17B,NUF2,,,,,
PNPLA8,OCIAD2,ALAS1,IQSEC3,PLXNA1,TMEM154,,,C5orf56,,,LINC00847,KAT6B,,PGAP1,UCK2,,,,,
MET,DCK,CHDH,RP11-598F7.3,PLXND1,TLR2,,,SMAD5,,,MYLIP,NUTM2B-AS1,,PLCL1,MPC2,,,,,
SMARCD3,PARM1,IL17RB,LDHB,RAB6B,HMGB2,,,JAKMIP2,,,HIST1H2AC,SFXN3,,SPATS2L,TIPRL,,,,,
PLCXD1,ANXA3,SPATA12,RP11-283G6.4,RBP1,LPCAT1,,,ADRB2,,,HIST1H2BD,CRACR2A,,CFLAR,C1orf112,,,,,
TBL1X,GPAT3,MITF,OVCH1,PLOD2,CTD-2035E11.3,,,UBLCP1,,,HIST1H2BG,CD9,,TRAK2,CENPL,,,,,
SAT1,CCSER1,PROS1,AMIGO2,CP,MAP3K1,,,BOD1,,,HIST1H2BN,PLEKHA5,,NOP58,MRPS14,,,,,
GK,DAPP1,ITGB5,CACNB3,P2RY14,GAPT,,,SERPINB6,,,HLA-G,CCNT1,,ABI2,RALGPS2,,,,,
TIMP1,BANK1,CHCHD6,GPD1,SHOX2,PDE4D,,,FAM8A1,,,HSPA1A,GALNT6,,CD28,TOR3A,,,,,
CFP,CFI,PLXNA1,LIMA1,LXN,S100Z,,,MRS2,,,HSPA1B,HELB,,CTLA4,ACBD6,,,,,
RP6-159A1.4,USP53,MGLL,ACVRL1,RARRES1,SSBP2,,,FAM65B,,,NEU1,ATP2B1,,ICOS,DHX9,,,,,
KBTBD11,RNF175,NCK1,KRT79,MFSD1,VCAN,,,BTN3A2,,,HLA-DQA2,STX2,,ZDBF2,ARPC5,,,,,
CTD-2547L16.1,MAP9,DBR1,TRHDE,GNB4,CTC-428H11.2,,,BTN3A3,,,CDKN1A,DDX51,,CREB1,TSEN15,,,,,
SLC25A37,GUCY1A3,MRAS,OASL,ABCC5,MEF2C,,,FLOT1,,,KCNK5,PARP4,,IKZF2,RGS13,,,,,
NRG1,RP11-597D13.8,FAIM,ALOX5AP,ETV5,CHD1,,,NCR3,,,HSP90AB1,ARHGEF7,,WNT10A,GLRX2,,,,,
ZNF703,FAM149A,RBP1,VWA8,P3H2,LMNB1,,,B3GALT4,,,NFKBIE,TMCO3,,SGPP2,ASPM,,,,,
FAM110B,OXCT1,PCOLCE2,NALCN,CLDN1,FBN2,,,DAXX,,,MB21D1,RNASE1,,SERPINE2,KIF14,,,,,
RP11-280G9.1,ANKRD55,PLOD2,LINC01070,TM4SF19-TCTEX1D2,CCDC69,,,STK38,,,FAM46A,LGALS3,,RHBDD1,CSRP1,,,,,
HEY1,ZNF366,WWTR1,ATL1,TM4SF19,ADAM19,,,TFEB,,,MANEA-AS1,PCNX,,SP110,TIMM17A,,,,,
KB-1507C5.4,STARD4-AS1,MME,AKAP5,CYTL1,CTB-114C7.4,,,CCND3,,,CD24,PPP4R3A,,HDAC4,UBE2T,,,,,
MTSS1,GRAMD3,LXN,ACOT4,HS3ST1,HRH2,,,ENPP4,,,MARCKS,SYNE3,,THAP4,RABIF,,,,,
TMEM71,MEIKIN,RARRES1,SERPINA9,CD38,RNF44,,,ENPP5,,,TSPYL4,DYNC1H1,,LMCD1,ADIPOR1,,,,,
PTP4A3,PPP2R2B,SERPINI1,LINC00239,UCHL1,RAB24,,,MYO6,,,GOPC,NUDT14,,RFTN1,TMEM183A,,,,,
LYPD2,PDGFRB,TNIK,ATP10A,SGCB,PRR7,,,SAMD3,,,SGK1,CRIP2,,RAB5A,SNRPE,,,,,
C9orf72,CDX1,NCEH1,FBN1,PDGFRA,SERPINB1,,,VNN2,,,AHI1,GABPB1-AS1,,KAT2B,NUCKS1,,,,,
LINC01506,TCOF1,GNB4,GLDN,CXCL9,SERPINB9,,,SYNE1,,,PDE7B,USP8,,NEK10,EIF2D,,,,,
TLE4,ADAM19,ABCC5,DYX1C1,CXCL10,TMEM170B,,,TMEM181,,,OPRM1,TRPM7,,CMTM6,NEK2,,,,,
AGTPBP1,KCNMB1,TPRG1,PAQR5,CXCL11,PHACTR1,,,IGF2R,,,MRPL18,HERC1,,CCR4,INTS7,,,,,
RP11-305L7.7,LTC4S,ZDHHC19,ODF3L1,CXCL13,JARID2,,,AGPAT4,,,ZFAND2A,SNX22,,GLB1,DTL,,,,,
NFIL3,IRF4,TM4SF19,TSPAN3,BMP2K,JARID2-AS1,,,TBP,,,ETV1,CSNK1G1,,CRTAP,BATF3,,,,,
SLC46A2,NRN1,MFSD7,PEX11A,RP11-742B18.1,RNF144B,,,C1GALT1,,,TSPAN13,TBC1D2B,,CCR8,NSL1,,,,,
MEGF9,RP1-34B20.21,LRPAP1,PRSS21,IBSP,FAM65B,,,SP4,,,TWISTNB,AKAP13,,SLC25A38,CENPF,,,,,
PTGES,ZNF165,CYTL1,CES1,SPP1,GABBR1,,,CCDC126,,,WIPF3,MAN2A2,,CTNNB1,LYPLAL1,,,,,
NUP214,LTB,WFS1,AGRP,RP11-184M15.1,LST1,,,MPP6,,,TNS3,TARSL2,,SETD2,EPRS,,,,,
RXRA,AGPAT1,HS3ST1,HP,TMEM144,CDKN1A,,,STARD3NL,,,CLDN4,MGRN1,,SCAP,IARS2,,,,,
FCN1,HLA-DQB2,CD38,BCAR1,PALLD,RAB44,,,TRGC2,,,LIMK1,MPV17L,,WDR6,LBR,,,,,
OLFM1,HLA-DOB,UCHL1,SPIRE2,TLR3,PNRC1,,,TRGV2,,,HSPB1,SMG1,,GPX1,SRP9,,,,,
NACC2,HLA-DPB1,CXCL5,TLCD2,CMBL,FYN,,,MYO1G,,,YWHAG,NPIPB5,,CCDC66,H3F3A,,,,,
LINC01001,HMGA1,CXCL9,VMO1,CTNND2,CEP85L,,,IGFBP3,,,DTX2,SNTB2,,ARF4,LIN9,,,,,
C11orf21,DEF6,CXCL10,CENPV,ANKH,VNN3,,,UPP1,,,RSBN1L,ANKRD11,,FLNB,PARP1,,,,,
CDKN1C,KCNK17,CXCL11,AOC3,RAI14,VNN2,,,GSAP,,,SAMD9L,CPNE7,,KBTBD8,C1orf35,,,,,
HBB,CRIP3,SCARB2,HOXB6,SLC1A3,RP11-356I2.4,,,PTPN12,,,PON2,FAM101B,,ARL6IP5,MRPL55,,,,,
RNF141,RUNX2,11-Sep,TEX14,SEPP1,TNFAIP3,,,CROT,,,BRI3,ZZEF1,,RYBP,FH,,,,,
HIPK3,BEND6,LINC01094,RP11-285E9.6,CCL28,HECA,,,RBM48,,,CCDC71L,TAOK1,,CHMP2B,EXO1,,,,,
C11orf96,AIM1,BMP2K,LGALS3BP,PART1,IPCEF1,,,GIGYF1,,,LRRN3,RFFL,,TIGIT,DESI2,,,,,
PHF21A,PKIB,COQ2,ZBTB7C,NLN,RP1-266L20.2,,,ALKBH4,,,IFRD1,CWC25,,CD80,HNRNPU,,,,,
MPEG1,ENPP1,RP11-742B18.1,ANGPT4,CD180,HDAC9,,,SRPK2,,,FAM3C,ARL17A,,ADPRH,SCCPDH,,,,,
RASGRP2,IL22RA2,SPP1,TMEM74B,FCHO2,TWISTNB,,,TES,,,SLC4A2,MED13,,GSK3B,ZNF672,,,,,
EHD1,UST,ABCG2,RP5-839B4.8,RP11-466P24.6,HOTAIRM1,,,SMKR1,,,LINC01003,HELZ,,SLC41A3,ACP1,,,,,
CDC42EP2,SYTL3,HERC5,PNPLA6,CRHBP,HOXA5,,,AGK,,,GTPBP6,SMCHD1,,ATP2C1,TMEM18,,,,,
CATSPER1,CCR6,ADH5,MCEMP1,LHFPL2,PPP1R17,,,GIMAP8,,,AKAP17A,RNMT,,ZBTB38,TSSC1,,,,,
RIN1,MLLT4,BDH2,CEACAM8,GPR150,MRPS24,,,GIMAP7,,,NHS,CD226,,TRIM59,RNASEH1,,,,,
FOLR3,GPR146,SPRY1,KPTN,RHOBTB3,MYO1G,,,GIMAP4,,,MID1IP1,STK4,,TNIK,ITGB1BP1,,,,,
P2RY2,GPER1,RP11-381N20.1,SIGLEC11,CSF2,RABGEF1,,,GIMAP6,,,GPR34,B4GALT5,,ZMAT3,CPSF3,,,,,
DGAT2,FSCN1,RP13-884E18.2,TPTEP1,PDLIM4,FGL2,,,GIMAP1,,,MIR222HG,CASS4,,MCF2L2,YWHAQ,,,,,
RP11-452H21.4,DAGLB,ARHGAP10,MGAT3,TIFAB,STEAP4,,,P2RY8,,,PRAF2,LINC00176,,EIF2B5-AS1,TAF1B,,,,,
SLC36A4,BZW2,PDGFC,A4GALT,CTB-138E5.1,KMT2E-AS1,,,TRAPPC2,,,GSPT2,LDLR,,ATP13A3,RRM2,,,,,
CARD16,SCRN1,CYP4V2,RBM11,TGFBI,CTB-152G17.6,,,GPKOW,,,TSPYL2,PGLYRP2,,XXYLT1-AS2,C2orf48,,,,,
ZBTB16,ELMO1,CTNND2,FAM3B,CXXC5,NAMPT,,,NHSL2,,,ARHGEF9,SLC35E1,,TFRC,ODC1,,,,,
OAF,PGAM2,SLC1A3,AKR1C3,GNPDA1,RP11-22N19.2,,,APOOL,,,GLA,PROSER3,,WDR53,PDIA6,,,,,
NRGN,AUTS2,DAB2,ECSCR,DPYSL3,PNPLA8,,,DOCK11,,,NKRF,ACTN4,,PAK2,SMC6,,,,,
AKR1C1,GTF2IRD1,SEPP1,,SPINK1,ZNF467,,,SASH3,,,FAM127A,MARK4,,C4orf48,GEN1,,,,,
RP11-536K7.3,CCDC146,FCHO2,,SPINK6,SMARCD3,,,STK26,,,TMEM185A,PI4KA,,TNIP2,SF3B6,,,,,
PFKFB3,GNAI1,ARHGEF28,,ABLIM3,PRKAG2-AS1,,,PDZD4,,,CXorf40B,SFI1,,LRPAP1,PTRHD1,,,,,
VIM-AS1,ABCB4,HEXB,,SMIM3,INSIG1,,,TKTL1,,,FAM50A,MYH9,,CLNK,CENPO,,,,,
ARL5B,AC002456.2,ZBED3-AS1,,GPX3,PLCXD1,,,FLNA,,,RAB39B,APOBEC3H,,CC2D2A,CENPA,,,,,
MPP7,PON2,LHFPL2,,GM2A,TBL1X,,,G6PD,,,DOK2,SREBF2,,GRSF1,PREB,,,,,
CCNY,ZNF789,GPR150,,SLC36A1,AP1S2,,,F8A1,,,ADAM28,BRD1,,CCNG2,RASGRP3,,,,,
CSGALNACT2,SLC12A9,RHOBTB3,,LTC4S,SYAP1,,,MYOM2,,,FZD3,ZBED4,,HPSE,GEMIN6,,,,,
CDH23,TSPAN33,HSD17B4,,PXDC1,KLHL15,,,ANGPT2,,,C8orf4,TRAPPC10,,SPP1,MCFD2,,,,,
NDST2,AC016831.7,SNX24,,NRN1,EIF2S3,,,MYBL1,,,TGS1,ADARB1,,HERC6,CALM2,,,,,
PPIF,RP11-138A9.2,PPIC,,GMPR,SYN1,,,VCPIP1,,,TOX,,,HERC5,MSH2,,,,,
LIPN,PLXNA4,P4HA2,,HIST1H4C,TIMP1,,,CPQ,,,AC022182.3,,,TSPAN5,MSH6,,,,,
RRP12,ZC3HAV1,PDLIM4,,HIST1H1E,CFP,,,ANKRD46,,,RDH10,,,DAPP1,CHAC2,,,,,
NEURL1,INSIG1,CXXC5,,HIST1H1D,RP6-159A1.4,,,NCALD,,,TMEM70,,,TET2,SPTBN1,,,,,
FAM45A,CSF2RA,GNPDA1,,HIST1H2BH,STK26,,,LINC00861,,,OSGIN2,,,AIMP1,CCDC88A,,,,,
CHST15,OFD1,JAKMIP2,,BTN2A2,KBTBD11,,,DCAF10,,,SLA,,,PAPSS1,VRK2,,,,,
SLC2A3,GPM6B,SPINK1,,HIST1H2BJ,CTD-2547L16.1,,,ANKRD20A4,,,SCX,,,ABHD18,XPO1,,,,,
LINC00937,CXorf21,SPINK6,,HIST1H1B,CSGALNACT1,,,CEP78,,,FBXL6,,,SETD7,CCT4,,,,,
CLEC4D,GPR82,GPX3,,HIST1H2AM,SLC25A37,,,AGTPBP1,,,SLC39A4,,,MGST2,MDH1,,,,,
CLEC4E,IL2RG,GM2A,,UBD,DOCK5,,,FGD3,,,C8orf82,,,TMEM184C,SLC1A4,,,,,
GPRC5A,ITGB1BP2,SPARC,,HLA-DQA2,NRG1,,,PTCH1,,,TOPORS,,,TMEM154,PCBP1,,,,,
RP11-707G18.1,CXCR3,ATOX1,,HLA-DOB,ZNF703,,,TGFBR1,,,DNAJA1,,,KLHL2,SNRPG,,,,,
TMTC1,P2RY10,TIMD4,,TAP1,RP11-360L9.7,,,ALG2,,,TESK1,,,CPE,FAM136A,,,,,
AC079630.4,BEX2,ADTRP,,HLA-DMB,RP11-280G9.1,,,SUSD1,,,RGP1,,,HPGD,PRADC1,,,,,
LRRK2,KCNE5,GMPR,,HLA-DOA,KLF10,,,RGS3,,,NTRK2,,,ANKH,CCT7,,,,,
NFE2,PLS3,TDP2,,MAPK13,KB-1507C5.4,,,MEGF9,,,GADD45G,,,CTD-2031P19.5,TPRKB,,,,,
GPR84,6-Sep,ACOT13,,ETV7,MTSS1,,,PTRH1,,,NFIL3,,,SGTB,BOLA3,,,,,
SLC16A7,RAB33A,UBD,,TREML1,CASC8,,,TTC16,,,HABP4,,,MAST4,MOB1A,,,,,
IRAK3,RAB39B,HLA-G,,TREM2,TMEM71,,,ASB6,,,SLC2A8,,,MCCC2,WDR54,,,,,
THAP2,CLIC2,HLA-A,,DNPH1,PTP4A3,,,SURF6,,,LRRC8A,,,ZCCHC9,HTRA2,,,,,
LIN7A,SH2D4A,NEU1,,PLA2G7,LYPD2,,,FBXW5,,,IER5L,,,GLRX,POLE4,,,,,
TMTC2,ADAM28,C2,,TNFRSF21,LY6D,,,PTGDS,,,SARDH,,,CHD1,MRPL19,,,,,
DUSP6,DUSP4,MAPK13,,PAQR8,EEF1D,,,C9orf142,,,NOTCH1,,,FAM174A,SUCLG1,,,,,
LINC00936,ADRB3,TREML1,,CD109,C9orf72,,,CLIC3,,,ABCA2,,,PAM,TMSB10,,,,,
HAL,IDO2,TREM2,,ME1,TMEM8B,,,IFITM2,,,IRF7,,,COMMD10,USP39,,,,,
TMPO-AS1,PLAT,PTCRA,,NT5E,TLE4,,,IFITM1,,,EPS8L2,,,SRFBP1,IMMT,,,,,
CKAP4,ST18,SLC29A1,,SLC16A10,AGTPBP1,,,MOB2,,,DUSP8,,,CEP120,MRPL35,,,,,
RPH3A,TOX,PLA2G7,,PKIB,S1PR3,,,ASCL2,,,IFITM10,,,GRAMD3,FAHD2A,,,,,
TESC,RP11-25K19.1,SLC17A5,,SMPDL3A,RP11-305L7.7,,,C11orf21,,,CTSD,,,3-Mar,NCAPH,,,,,
PXN,MYBL1,MYO6,,EPB41L2,SLC46A2,,,TSPAN32,,,KCNQ1OT1,,,C5orf63,ANKRD39,,,,,
HCAR2,CDH17,LINC01526,,SLC18B1,AKNA,,,OSBPL5,,,NAP1L4,,,ISOC1,TXNDC9,,,,,
HCAR3,DEPTOR,PGM3,,SGK1,PTGES,,,FAM160A2,,,CARS,,,C5orf15,MRPS9,,,,,
RP11-955H22.1,CCDC26,ME1,,LINC01010,FCN1,,,FAR1,,,TAF10,,,UBE2B,BUB1,,,,,
GLT1D1,TOP1MT,RRAGD,,RP11-557H15.4,OLFM1,,,RRAS2,,,PRRG4,,,SAR1B,CKAP2L,,,,,
MMP17,PPP1R16A,DDO,,NHSL1,NACC2,,,FANCF,,,MDK,,,SEC24A,ACTR3,,,,,
ULK1,GPT,SMPDL3A,,TXLNB,LINC01001,,,PRR5L,,,UBE2L6,,,PAIP2,DBI,,,,,
GJB2,ZNF7,HDDC2,,PPP1R14C,ATHL1,,,TRAF6,,,MS4A6A,,,DNAJC18,POLR2D,,,,,
FRY,ZNF250,RP11-557H15.4,,RPS6KA2,IFITM2,,,DGKZ,,,FADS3,,,NDFIP1,SMPD4,,,,,
RCBTB2,ENHO,FUCA2,,AC093627.10,RP11-326C3.12,,,NAA40,,,DNAJC4,,,GRPEL2,MZT2B,,,,,
RP11-156K23.3,DNAJB5,IGF2R,,FAM20C,CDKN1C,,,RASGRP2,,,TM7SF2,,,PCYOX1L,IMP4,,,,,
IRG1,TPM2,RPS6KA2,,PDGFA,MRVI1,,,EHD1,,,CMB9-22P13.1,,,CSNK1A1,FAM168B,,,,,
IRS2,TMEM8B,FAM20C,,AC147651.4,C11orf96,,,CTSW,,,FAM89B,,,TNIP1,MZT2A,,,,,
RNASE2,ANKRD20A3,PRKAR1B,,GPR146,MPEG1,,,CTSF,,,ZDHHC24,,,GM2A,MCM6,,,,,
ARHGEF40,SUSD3,SCIN,,SNX8,AP003774.6,,,CPT1A,,,CCS,,,ATOX1,MMADHC,,,,,
LTB4R,NIPSNAP3B,GPNMB,,TTYH3,EHD1,,,GDPD5,,,SERPINH1,,,RNF145,NMI,,,,,
PTGER2,FUT7,DFNA5,,FSCN1,CDC42EP2,,,PRKRIR,,,MYO7A,,,MIR3142HG,PSMD14,,,,,
GCH1,NRARP,SNX10,,SCIN,P2RY2,,,PRSS23,,,CHORDC1,,,MAT2B,STK39,,,,,
PELI2,RP11-732A19.9,EEPD1,,TSPAN13,RP11-452H21.4,,,CEP126,,,HSPA8,,,FBXW11,SPC25,,,,,
NUMB,CTD-2371O3.2,EPDR1,,GPNMB,BIRC3,,,PDGFD,,,DHTKD1,,,CPEB4,METTL5,,,,,
JDP2,HPS5,AC004988.1,,IGF2BP3,FLI1,,,ATM,,,PHYH,,,DUSP22,HAT1,,,,,
SLC24A4,SVIP,INHBA,,DFNA5,PFKFB3,,,NCAM1,,,NEBL,,,SERPINB9,AC013461.1,,,,,
THBS1,EHF,TNS3,,OSBPL3,NSUN6,,,USP28,,,OTUD1,,,ADTRP,CDCA7,,,,,
RP11-96O20.5,CD5,HSPB1,,NFE2L3,ARL5B,,,BCL9L,,,IFIT2,,,HIVEP1,OLA1,,,,,
RAB27A,FADS2,DTX2,,EEPD1,MPP7,,,FEZ1,,,IFIT1,,,RANBP9,ATP5G3,,,,,
AQP9,NAALADL1,RP5-899E9.1,,RALA,CCNY,,,ZBTB44,,,HECTD2,,,CD83,HNRNPA3,,,,,
BCL2A1,TIGD3,SEMA3C,,TNS3,IPMK,,,B3GAT1,,,TCTN3,,,TPMT,AGPS,,,,,
ABHD17C,FAM89B,PDK4,,GTF2IRD1,CDH23,,,WDR37,,,FRAT2,,,CDKAL1,PRKRA,,,,,
MCTP2,ACY3,BRI3,,NCF1,C10orf54,,,ARHGAP12,,,ARL3,,,SOX4,C2orf47,,,,,
MEFV,CHKA,GAL3ST4,,CCL24,DDIT4,,,ZNF32,,,DUSP5,,,TRIM27,SGOL2,,,,,
DCUN1D3,CCND1,TRIP6,,PDK4,NDST2,,,RASSF4,,,AFAP1L2,,,LTA,PPIL3,,,,,
METTL9,P2RY6,MUC12,,TMEM130,PPIF,,,ZNF22,,,FAM45A,,,LTB,NIF3L1,,,,,
SULT1A1,UVRAG,PLOD3,,GAL3ST4,PTEN,,,FAM21C,,,BAG3,,,LST1,NDUFB3,,,,,
ITGAL,PAK1,DOCK4,,SERPINE1,LIPN,,,C10orf128,,,HTRA1,,,CUTA,TMEM237,,,,,
MT2A,RAB30,LINC00998,,PUS7,DNMBP,,,FAM21A,,,FKBP4,,,SYNGAP1,WDR12,,,,,
ADGRG3,TRPC6,TFEC,,PRKAR2B,NEURL1,,,PRF1,,,PTMS,,,MAPK13,BARD1,,,,,
CMTM2,MMP3,CALU,,DOCK4,ADD3,,,FUT11,,,LAG3,,,SAYSD1,ATIC,,,,,
EXOC3L1,SLC35F2,ATP6V1F,,LEP,FAM45A,,,VCL,,,SPSB2,,,CUL9,XRCC5,,,,,
TPPP3,LAYN,AKR1B1,,KCP,CHST15,,,PYROXD2,,,CLECL1,,,DNPH1,ARPC2,,,,,
ZDHHC1,BCO2,TMEM140,,TSPAN33,PTPRE,,,ADD3,,,NELL2,,,LMBRD1,AAMP,,,,,
DNAAF1,SCN4B,PARP12,,RP11-38M8.1,UTF1,,,PLEKHA1,,,NR4A1,,,FAM135A,PNKD,,,,,
ADAD2,JAML,LINC00996,,WDR91,VWF,,,CTBP2,,,KRT86,,,TMEM30A,RQCD1,,,,,
CRISPLD2,ROBO3,TMEM176B,,CLEC5A,GPR162,,,PTPRE,,,KRT81,,,BCKDHB,BCS1L,,,,,
FAM101B,ST3GAL4,TMEM176A,,TMEM176B,SLC2A3,,,ADAM8,,,KRT8,,,CGA,FARSB,,,,,
MIR22HG,NET1,IL3RA,,TMEM176A,AC079630.4,,,ADIPOR2,,,KRT18,,,ZNF292,PSMD1,,,,,
RAP1GAP2,DHTKD1,ANOS1,,AGAP3,LRRK2,,,TNFRSF1A,,,CD63,,,MICAL1,NCL,,,,,
P2RX1,ZEB1,ARHGAP6,,RP11-733O18.1,NR4A1,,,LPAR5,,,DDIT3,,,ZBTB24,PTMA,,,,,
ASGR1,C10orf128,GS1-600G8.5,,GPR34,NFE2,,,ING4,,,9-Mar,,,SLC16A10,COPS7B,,,,,
GAS7,RP11-388P9.2,PIR,,MAOA,SLC16A7,,,PTPN6,,,IL26,,,TRAF3IP2,EIF4E2,,,,,
MAPK7,PPA1,PRDX4,,NDP,FAM19A2,,,KLRG1,,,NUDT4,,,TUBE1,HJURP,,,,,
SSH2,NPFFR1,NDP,,SLC9A7,IRAK3,,,A2M-AS1,,,USP30-AS1,,,FAM184A,COPS8,,,,,
CPD,PALD1,VSIG4,,USP51,THAP2,,,LINC00987,,,C12orf65,,,L3MBTL3,ILKAP,,,,,
CTB-58E17.1,ZNF503,LINC00891,,RGAG4,TMTC2,,,KLRF1,,,LINC00539,,,MAP3K5,NDUFA10,,,,,
TMEM100,STAMBPL1,PBDC1,,NGFRAP1,DUSP6,,,KLRD1,,,HSPH1,,,CCDC28A,MYEOV2,,,,,
TRIM25,HELLS,GLA,,TMEM255A,ATP2B1,,,ZNF641,,,SERP2,,,ADAT2,DTYMK,,,,,
RP11-670E13.6,TCTN3,WBP5,,GPC4,LINC00936,,,CCDC65,,,TSC22D1,,,PEX3,RAD18,,,,,
MPO,ENTPD1,NGFRAP1,,PNCK,RP11-796E2.4,,,SMAGP,,,INTS6,,,FUCA2,OGG1,,,,,
YPEL2,ENTPD7,SOWAHD,,SLC6A8,HAL,,,BIN2,,,DNAJC3-AS1,,,PHACTR2,TADA3,,,,,
VMP1,OBFC1,TMEM255A,,CLIC2,TMPO-AS1,,,ITGB7,,,TNFSF13B,,,PLAGL1,ARPC4,,,,,
MAP3K3,DUSP5,LAMP2,,CLN8,TMPO,,,DNAJC14,,,IRS2,,,STX11,FANCD2,,,,,
CD79B,SLC18A2,SMIM10,,CTSB,APAF1,,,PAN2,,,IRF9,,,TAB2,SEC13,,,,,
ERN1,UTF1,FAM127C,,MTUS1,CKAP4,,,RASSF3,,,GZMB,,,ZC3H12D,NUP210,,,,,
KCNJ2,ADAM8,BCAP31,,ADAM28,BTBD11,,,DYRK2,,,FAM179B,,,IPCEF1,CHCHD4,,,,,
CD300E,CCND2,RENBP,,ADAMDEC1,RP3-473L9.4,,,TMCC3,,,AKAP5,,,SNX9,LSM3,,,,,
RAB37,CLEC4C,MPP1,,FGFR1,RPH3A,,,GNPTAB,,,HSPA2,,,TULP4,MRPS25,,,,,
RP11-806H10.4,CLECL1,DEFB1,,HTRA4,TESC,,,CMKLR1,,,FUT8,,,CCR6,SGOL1,,,,,
DNAH17,CD69,CLDN23,,ADAM9,PXN,,,SELPLG,,,ZFP36L1,,,LFNG,UBE2E1,,,,,
SECTM1,CLEC9A,MFHAS1,,IDO1,VPS37B,,,GLTP,,,SIPA1L1,,,UMAD1,MLH1,,,,,
DLGAP1-AS2,PLEKHA5,CTSB,,ST18,RILPL2,,,PXN,,,AHSA1,,,GLCCI1,LRRFIP2,,,,,
SERPINB2,STK38L,MSR1,,MSC-AS1,RP11-955H22.1,,,ORAI1,,,RIN3,,,ICA1,SS18L2,,,,,
SERPINB10,FAM60A,MTUS1,,ATP6V0D2,GLT1D1,,,LINC00944,,,HSP90AA1,,,HDAC9,HIGD1A,,,,,
RP11-405M12.3,DENND5B,PSD3,,GEM,MMP17,,,SLC15A4,,,EIF5,,,NFE2L3,TCAIM,,,,,
RP11-154H12.2,SLC38A1,LPL,,SDC2,ULK1,,,SLC46A3,,,HYPK,,,TAX1BP1,KIF15,,,,,
RP11-128M1.1,RP11-446N19.1,SORBS3,,BAALC,GJB2,,,LPAR6,,,EIF3J-AS1,,,ZNRF2,ZDHHC3,,,,,
PLCB1,LMBR1L,ADAMDEC1,,DPYS,RPL21,,,RCBTB2,,,ATP8B4,,,NT5C3A,KLHL18,,,,,
THBD,TUBA1A,HTRA4,,LRP12,FLT3,,,RAP2A,,,SLC27A2,,,ZMIZ2,ELP6,,,,,
CD93,SMAGP,TM2D2,,NOV,KLF12,,,PCID2,,,RAB27A,,,CCM2,SMARCC1,,,,,
ID1,ITGB7,ADAM9,,ENPP2,IRS2,,,LAMP1,,,MYO1E,,,SUMF2,DHX30,,,,,
PLAGL2,RP11-834C11.4,DNAJC5B,,MYC,RP11-84C10.2,,,RASA3,,,DAPK2,,,PHKG1,CCDC51,,,,,
ZNF341,TESPA1,RDH10,,KCNQ3,ARHGEF40,,,GZMH,,,PLEKHO2,,,TMEM248,UQCRC1,,,,,
PI3,SRGAP1,FABP5,,COL22A1,LTB4R,,,PTGDR,,,PDCD7,,,RHBDD2,IMPDH2,,,,,
AZU1,GRIP1,FABP4,,KANK1,GNG2,,,PTGER2,,,PCAT29,,,TMEM60,QARS,,,,,
LRG1,CSRP2,ATP6V0D2,,BNC2,GCH1,,,DHRS7,,,DNAJA4,,,PHTF2,RHOA,,,,,
SEMA6B,CEP83,FAM92A1,,CCL19,PELI2,,,SYNE2,,,NMB,,,NAMPT,APEH,,,,,
ADGRE1,NT5DC3,SDC2,,DNAJB5,TTC9,,,PLEKHG3,,,LRRC28,,,HBP1,GMPPB,,,,,
STXBP2,C12orf45,DPYS,,CD72,SIPA1L1,,,DCAF5,,,METRN,,,PNPLA8,TRAIP,,,,,
C19orf38,C12orf75,DCSTAMP,,MAMDC2,NUMB,,,C14orf169,,,NPW,,,HILPDA,IFRD2,,,,,
LDLR,ASCL4,LRP12,,SLC28A3,CCDC88C,,,GALC,,,TNFRSF12A,,,IRF5,MANF,,,,,
RAB3D,FAM109A,SNTB1,,CTSL,SLC24A4,,,GPR65,,,SOCS1,,,CPA5,POC1A,,,,,
PLPPR2,RASAL1,COL22A1,,GADD45G,RP11-624L4.1,,,CCDC88C,,,C16orf45,,,EXOC4,TWF2,,,,,
CCDC151,CFAP73,CD274,,UNQ6494,THBS1,,,PATL2,,,GDE1,,,TMEM140,PHF7,,,,,
PGLYRP2,PRKAB1,PDCD1LG2,,CTSV,RP11-96O20.5,,,IMP3,,,RBBP6,,,CREB3L2,PBRM1,,,,,
MAST3,KDM2B,TTC39B,,TGFBR1,RAB27A,,,UBE2Q2,,,ZFHX3,,,PARP12,RFT1,,,,,
JUND,TMEM120B,DENND4C,,MSANTD3,AQP9,,,WHAMM,,,MLKL,,,TRBC2,PRKCD,,,,,
FFAR3,RHOF,ACO1,,ZNF189,SMAD3,,,NPRL3,,,WDR59,,,EPHB6,TKT,,,,,
GPR42,BCL7A,MAMDC2,,ABCA1,C15orf39,,,HBA2,,,ZNRF1,,,TPK1,C3orf14,,,,,
FFAR2,SACS,ALDH1A1,,CTNNAL1,ABHD17C,,,HBA1,,,NUDT7,,,ZNF282,THOC7,,,,,
RASGRP4,FLT3,PRUNE2,,LPAR1,FES,,,AXIN1,,,MLYCD,,,LRRC61,PSMD6,,,,,
PLAUR,N4BP2L1,SLC28A3,,RP11-202G18.1,RP11-76E17.3,,,NME4,,,ITGAE,,,CHPF2,GBE1,,,,,
C5AR1,RFXAP,CTSL,,UGCG,MCTP2,,,CAPN15,,,XAF1,,,MSL3,CMSS1,,,,,
DHX34,DLEU1,GADD45G,,ZNF618,CHSY1,,,LITAF,,,POLR2A,,,RAB9A,NIT2,,,,,
FPR1,LMO7,FBP1,,COL27A1,SNHG9,,,PRKCB,,,TNFSF12,,,PIGA,CEP97,,,,,
FPR2,ABCC4,TBC1D2,,ORM1,MEFV,,,GTF3C1,,,BORCS6,,,SH3KBP1,KIAA1524,,,,,
NLRP12,GPR18,GALNT12,,TNFSF15,LINC00921,,,SBK1,,,UBB,,,ACOT9,ATG3,,,,,
VSTM1,GPR183,MSANTD3,,PTGS1,TEKT5,,,CLN3,,,MPRIP,,,SAT1,LRRC58,,,,,
LILRB2,GAS6,ZNF189,,STRBP,XYLT1,,,APOBR,,,RASD1,,,CXorf21,NDUFB4,,,,,
LILRA5,CCNB1IP1,ABCA1,,FAM129B,METTL9,,,SGF29,,,ALDOC,,,GK,POLQ,,,,,
LILRA1,NDRG2,TMEM38B,,CERCAM,PRKCB,,,SPN,,,CCL1,,,TAB3,EAF2,,,,,
FCAR,REC8,TXN,,PHYHD1,CTD-3203P2.3,,,ITGAL,,,CCL23,,,LINC01281,CD86,,,,,
CTB-61M7.2,GZMB,LPAR1,,IER5L,CORO1A,,,PHKG2,,,KRT19,,,CASK,CCDC58,,,,,
TNNT1,NUBPL,RP11-202G18.1,,NCS1,1-Sep,,,ITGAM,,,NKIRAS2,,,GPR82,UMPS,,,,,
LL22NC03-86G7.1,ARHGAP5-AS1,PTGR1,,AK8,CMTM2,,,ADCY7,,,TMEM106A,,,CHST7,SNX4,,,,,
MN1,ARHGAP5,DNAJC25,,SDCCAG3,ZDHHC1,,,CES1,,,ARL4D,,,PCSK1N,MCM2,,,,,
APOBEC3A,RP11-596C23.2,FKBP15,,TRAF2,DNAAF1,,,CCDC102A,,,G6PC3,,,SLC35A2,SEC61A1,,,,,
APOBEC3B,LINC01588,SLC31A1,,PTGDS,COTL1,,,ADGRG5,,,HOXB4,,,PIM2,RUVBL1,,,,,
ODF3B,PLEK2,STOM,,UAP1L1,C16orf74,,,ADGRG1,,,GNGT2,,,OTUD5,ACAD9,,,,,
SAMSN1,RP6-91H8.3,PDCL,,MIR210HG,RP11-542M13.3,,,DPEP2,,,C17orf67,,,FOXP3,HMCES,,,,,
BACH1,VASH1,NEK6,,TSPAN4,CBFA2T3,,,DDX28,,,YPEL2,,,PPP1R3F,MBD4,,,,,
RP11-313P22.1,ASB2,ADGRD2,,AP2A2,FAM101B,,,NFATC3,,,PRKCA,,,MAGEH1,MRPL3,,,,,
OLIG1,CKB,AK8,,ASCL2,RAP1GAP2,,,KLHDC4,,,ENDOV,,,USP51,UBA5,,,,,
KCNJ15,PLD4,PTGDS,,ST5,P2RX1,,,RNF166,,,MAFG,,,RRAGB,TOPBP1,,,,,
AATBC,GOLGA8M,CD151,,NRIP3,SPNS3,,,ZNF276,,,SLC16A3,,,UBQLN2,CEP63,,,,,
SPATA13,GOLGA8R,TSPAN4,,SBF2-AS1,CHRNE,,,RAP1GAP2,,,TGIF1,,,FAAH2,PCCB,,,,,
,GOLGA8Q,AP2A2,,ADM,C17orf107,,,PIK3R5,,,ABHD3,,,YIPF6,STAG1,,,,,
,GOLGA8N,IFITM10,,AMPD3,ASGR2,,,THRA,,,GALNT1,,,IL2RG,MRPS22,,,,,
,EIF2AK4,CTSD,,SAA1,NDEL1,,,KRT17,,,ID1,,,LINC00891,HLTF,,,,,
,DUOX1,CD81,,LDHA,SSH2,,,TBKBP1,,,WFDC2,,,UPRT,GMPS,,,,,
,SHF,CTD-2516F10.2,,TMEM86A,FAM117A,,,TBX21,,,CEBPB,,,ATRX,SSR3,,,,,
,SLC30A4,ST5,,NAV2,RP5-1171I10.5,,,ABI3,,,TSHZ2,,,P2RY10,RSRC1,,,,,
,MYEF2,SBF2-AS1,,SLC1A2,VMP1,,,RSAD1,,,PMEPA1,,,SH3BGRL,SMC4,,,,,
,ATP8B4,TMEM86A,,ACP2,MAP3K3,,,VEZF1,,,TCEA2,,,HNRNPH2,ECT2,,,,,
,TNFAIP8L3,CD59,,NR1H3,LIMD2,,,CD300A,,,TMEM259,,,BEX5,ACTL6A,,,,,
,MYO5C,CD82,,SLC39A13,CD79B,,,RAB37,,,MUM1,,,NGFRAP1,MRPL47,,,,,
,DAPK2,TP53I11,,TNKS1BP1,ERN1,,,SLC9A3R1,,,MKNK2,,,TCEAL4,DVL3,,,,,
,KIAA0101,MDK,,SLC43A3,RP11-147L13.2,,,LLGL2,,,MFSD12,,,ACSL4,PSMD2,,,,,
,RP11-798K3.3,ACP2,,YPEL4,KCNJ2-AS1,,,RHBDF2,,,MAP2K2,,,AMMECR1,EIF4G1,,,,,
,SEMA7A,NR1H3,,MS4A6E,CD300LB,,,ENTHD2,,,TMIGD2,,,RAB33A,POLR2H,,,,,
,CIB2,PTPMT1,,RAB3IL1,CTD-2006K23.1,,,MYL12A,,,TNFSF14,,,ZNF280C,DNAJB11,,,,,
,RASGRF1,SLC43A3,,RARRES3,CD300E,,,ZBTB14,,,P2RY11,,,FAM122C,RFC4,,,,,
,IL16,SERPING1,,PPP1R14B,RAB37,,,DSEL,,,SWSAP1,,,MOSPD1,TCTEX1D2,,,,,
,WHAMM,MS4A4A,,CST6,AC061992.2,,,TSHZ1,,,EPOR,,,RENBP,PIGX,,,,,
,HOMER2,SLC15A3,,PC,SOCS3,,,MBP,,,HOOK2,,,ERI1,BDH1,,,,,
,IDH2,RAB3IL1,,GAL,RP11-806H10.4,,,VPS16,,,DNAJB1,,,ATP6V1B2,CTBP1,,,,,
,PRC1,PLA2G16,,MYEOV,DNAH17,,,PTPRA,,,OCEL1,,,EPHX2,SLBP,,,,,
,TVP23A,VEGFB,,CCND1,LINC00482,,,DSTN,,,BST2,,,AC145110.1,TACC3,,,,,
,CIITA,CTSF,,CTTN,RP13-516M14.4,,,NAPB,,,SERTAD1,,,RAB11FIP1,WHSC1,,,,,
,SOCS1,PC,,IL18BP,RP13-516M14.1,,,APMAP,,,SERTAD3,,,WHSC1L1,RNF4,,,,,
,C16orf45,LRFN4,,FOLR2,SMCHD1,,,ACSS1,,,LINC01480,,,LETM2,NOP14,,,,,
,ACSM3,FOLR1,,P2RY6,APCDD1,,,ITCH,,,AC006129.2,,,RNF170,STX18,,,,,
,MYLPF,FOLR2,,SERPINH1,RP11-820I16.4,,,UBE2V1,,,DEDD2,,,HOOK3,WDR1,,,,,
,CCDC189,SLCO2B1,,MYO7A,SETBP1,,,RGS19,,,ERF,,,CYP7B1,CD38,,,,,
,ORC6,TSKU,,CCDC81,ALPK2,,,PCMTD2,,,DMWD,,,RRS1,QDPR,,,,,
,SNX20,MYO7A,,MMP7,RP11-1151B14.4,,,GZMM,,,IGFL2,,,C8orf44,LAP3,,,,,
,GNAO1,ME3,,MMP8,MALT1,,,HMHA1,,,SEPW1,,,LACTB2-AS1,NCAPG,,,,,
,HERPUD1,RAB38,,MMP1,SERPINB2,,,ABHD17A,,,SPHK2,,,LACTB2,DHX15,,,,,
,CCL22,CTSC,,MMP12,SERPINB10,,,AES,,,DBP,,,LY96,PI4K2B,,,,,
,CCL17,MMP7,,RDX,RP11-405M12.3,,,S1PR4,,,PPP1R15A,,,PKIA,SMIM20,,,,,
,ADGRG5,MMP8,,CRYAB,RP11-154H12.2,,,ZBTB7A,,,KIR2DL4,,,ZC2HC1A,RFC1,,,,,
,AC010287.1,MMP12,,IL18,FAM110A,,,ZNF557,,,KMT5C,,,TMEM55A,SMIM14,,,,,
,CKLF,RDX,,CADM1,RP11-128M1.1,,,CD320,,,TTTY15,,,LAPTM4B,SRD5A3,,,,,
,SLC7A6,FDX1,,LINC00900,RNF24,,,MYO1F,,,UTY,,,UBR5,PAICS,,,,,
,PRMT7,DIXDC1,,HYOU1,RASSF2,,,ZNF121,,,KDM5D,,,AC023590.1,SRP72,,,,,
,CDH1,CADM1,,USP2,PLCB1,,,S1PR5,,,EIF1AY,,,RNF139-AS1,DCK,,,,,
,BANP,BACE1,,SLC37A2,CD93,,,ATG4D,,,KIAA1671,,,TRIB1,HNRNPD,,,,,
,LA16c-444G7.2,FXYD6,,KCNJ5,ID1,,,KLF2,,,CCDC117,,,PVT1,LIN54,,,,,
,ZNF469,SLC37A4,,ST14,ZNF341,,,MAST3,,,SEC14L2,,,PTP4A3,COQ2,,,,,
,SNAI3,VWA5A,,PFKP,BPI,,,SLC25A42,,,HMOX1,,,NAPRT,MRPS18C,,,,,
,CDT1,SPA17,,IL15RA,TTPAL,,,ZNF429,,,MB,,,GRINA,METAP1,,,,,
,CTD-2555A7.2,KCNJ5,,IL2RA,ADA,,,ZNF91,,,KCTD17,,,TONSL,H2AFZ,,,,,
,SCARF1,C11orf45,,CAMK1D,SULF2,,,ZNF254,,,APOBEC3F,,,ZNF517,CISD2,,,,,
,SERPINF2,IL15RA,,NRP1,CTD-3184A7.4,,,PLEKHF1,,,TOB2,,,CD274,CENPE,,,,,
,HIC1,IL2RA,,CXCL12,MIDN,,,C19orf12,,,FAM118A,,,RFK,HADH,,,,,
,SPNS3,OPTN,,RASSF4,MOB3A,,,PEPD,,,DENND6B,,,GCNT1,OSTC,,,,,
,ALOX15,PHYH,,ARHGAP22,PLIN5,,,ZNF420,,,LINC00158,,,IDNK,GAR1,,,,,
,CLEC10A,FRMD4A,,FAM21A,CTB-50L17.14,,,EGLN2,,,MIR155HG,,,ZCCHC6,ZGRF1,,,,,
,ACAP1,MRC1,,RP11-556E13.1,LRG1,,,GEMIN7,,,SLC5A3,,,NINJ1,MAD2L1,,,,,
,MPRIP-AS1,ZNF438,,TMEM26,SEMA6B,,,CARD8-AS1,,,PIK3R3,,,TRIM14,ANXA5,,,,,
,TMEM97,NRP1,,ARID5B,INSR,,,CLDND2,,,,,,TRAF1,EXOSC9,,,,,
,RP11-192H23.6,CXCL12,,DNAJC12,ICAM3,,,NKG7,,,,,,PDCL,CCNA2,,,,,
,TRAF4,ARID5B,,H2AFY2,CDKN2D,,,ZNF600,,,,,,PBX3,BBS7,,,,,
,CCR7,EGR2,,AIFM2,C19orf38,,,LAIR1,,,,,,AK1,PLK4,,,,,
,MPP3,AIFM2,,PALD1,LDLR,,,LILRB1,,,,,,MAN1B1,LARP1B,,,,,
,HOXB-AS1,SLC29A3,,SGPL1,RAB3D,,,KIR2DL3,,,,,,RHOG,LSM6,,,,,
,TOB1,PSAP,,SLC29A3,PLPPR2,,,KIR3DL2,,,,,,PRKCDBP,MND1,,,,,
,RP11-166P13.4,KCNMA1,,PSAP,CCDC151,,,LLNLR-245B6.1,,,,,,TPP1,C4orf46,,,,,
,CEP112,ZMIZ1-AS1,,PLAU,ADGRE2,,,MED15,,,,,,AKIP1,C4orf27,,,,,
,ABCA6,FAM213A,,KCNMA1,PGLYRP2,,,YPEL1,,,,,,MICAL2,HMGB2,,,,,
,SDK2,LIPA,,ZMIZ1-AS1,HSH2D,,,TPST2,,,,,,HTATIP2,SPCS3,,,,,
,GPRC5C,IFIT2,,FAM213A,JAK3,,,CTA-292E10.6,,,,,,CSTF3,NEIL3,,,,,
,TSEN54,IFIT3,,ANKRD22,KCNN1,,,MORC2-AS1,,,,,,CD59,ING2,,,,,
,CTD-2047H16.4,IFIT1,,ACTA2,FFAR3,,,MORC2,,,,,,CRY2,RWDD4,,,,,
,CEP131,IFIT5,,LIPA,GPR42,,,APOL2,,,,,,PHF21A,CENPU,,,,,
,PYCR1,FFAR4,,HECTD2,FFAR2,,,APOL1,,,,,,PTPRJ,TRIP13,,,,,
,RP13-516M14.4,RBP4,,BLNK,RASGRP4,,,CYTH4,,,,,,LPXN,CLPTM1L,,,,,
,TYMS,PDLIM1,,UBTD1,POU2F2,,,TMEM184B,,,,,,STX5,MRPL36,,,,,
,LDLRAD4,PI4K2A,,GOLGA7B,CNFN,,,SUN2,,,,,,WDR74,NDUFS6,,,,,
,RP11-49I11.1,PKD2L1,,BAG3,LYPD3,,,PRR5,,,,,,CORO1B,CCT5,,,,,
,MOCOS,SCD,,PLEKHA1,BCL3,,,TTC38,,,,,,PITPNM1,DAP,,,,,
,CDH20,KAZALD1,,HTRA1,PTGIR,,,EVA1C,,,,,,PAAF1,BASP1,,,,,
,BCL2,MFSD13A,,BNIP3,C5AR1,,,ITGB2,,,,,,UCP2,SUB1,,,,,
,HMSD,SFXN2,,LPAR5,NKG7,,,COL6A2,,,,,,PGM2L1,TARS,,,,,
,CD226,GSTO1,,ENO2,HAS1,,,DIP2A,,,,,,LRRC32,RAD1,,,,,
,LAMP5,HTRA1,,C1S,FPR1,,,S100B,,,,,,RAB30,SKP2,,,,,
,RP4-737E23.2,BNIP3,,C1R,NLRP12,,,PRMT2,,,,,,CTSC,NUP155,,,,,
,CST7,RP11-598F7.3,,MFAP5,VSTM1,,,AKR1C3,,,,,,BIRC3,OXCT1,,,,,
,PPP1R16B,RAD51AP1,,A2M,MBOAT7,,,CYB561D2,,,,,,CASP1,FBXO4,,,,,
,TOMM34,CD9,,BCL2L14,LILRB2,,,,,,,,,CARD16,NNT,,,,,
,STK4,C1S,,CREBL2,LILRA5,,,,,,,,,SLC35F2,DEPDC1B,,,,,
,FAM65C,CD163L1,,EMP1,LILRA1,,,,,,,,,LAYN,CWC27,,,,,
,NFATC2,C3AR1,,BCAT1,FCAR,,,,,,,,,REXO2,CENPK,,,,,
,ZBTB46,MFAP5,,SSPN,CTB-61M7.2,,,,,,,,,CADM1,CCNB1,,,,,
,GAMT,A2M,,SLC48A1,TNNT1,,,,,,,,,SIDT2,CENPH,,,,,
,GNG7,BHLHE41,,FAIM2,LINC00528,,,,,,,,,UBASH3B,MRPS36,,,,,
,EBI3,TMEM117,,ITGB7,PPM1F,,,,,,,,,VWA5A,AK6,,,,,
,CHAF1A,AMIGO2,,RP11-680A11.5,LL22NC03-86G7.1,,,,,,,,,SRPRA,TAF9,,,,,
,TNFSF9,SLC48A1,,METTL7B,RGL4,,,,,,,,,APLP2,MRPS27,,,,,
,TRIP10,FAIM2,,MYL6B,ADORA2A-AS1,,,,,,,,,FBXO18,WDR41,,,,,
,CTD-3116E22.8,GPD1,,AGAP2-AS1,SEZ6L,,,,,,,,,IL15RA,DHFR,,,,,
,OLFM2,ACVRL1,,9-Mar,MN1,,,,,,,,,IL2RA,TMEM167A,,,,,
,ZNF439,CD63,,CYP27B1,OSM,,,,,,,,,GATA3,XRCC4,,,,,
,ZNF791,CYP27B1,,METTL1,APOBEC3A,,,,,,,,,PTER,MEF2C,,,,,
,MAN2B1,RP11-81H14.2,,METTL21B,APOBEC3B,,,,,,,,,HACD1,CETN3,,,,,
,RAB3A,CPM,,RP11-81H14.2,UPK3A,,,,,,,,,STAM,C5orf30,,,,,
,SPINT2,IGF1,,RP11-611O2.5,DENND6B,,,,,,,,,MRC1,LMNB1,,,,,
,PPP1R14A,CMKLR1,,CPM,SAMSN1,,,,,,,,,NSUN6,LINC01184,,,,,
,KCNK6,FICD,,PHLDA1,BACH1,,,,,,,,,COMMD3,HINT1,,,,,
,MAP4K1,ISCU,,CLLU1OS,RP11-313P22.1,,,,,,,,,ZEB1,UQCRQ,,,,,
,IFNL1,CORO1C,,GNPTAB,OLIG1,,,,,,,,,CREM,VDAC1,,,,,
,FCGBP,USP30-AS1,,CHST11,AATBC,,,,,,,,,CSGALNACT2,CDKN2AIPNL,,,,,
,CYP2S1,ACACB,,SLC41A2,ITGB2-AS1,,,,,,,,,SGMS1,DDX46,,,,,
,AXL,TRPV4,,ALDH1L2,LINC01481,,,,,,,,,ARID5B,PCBD2,,,,,
,CEACAM1,HVCN1,,APPL2,SPATA13,,,,,,,,,RTKN2,H2AFY,,,,,
,PHLDB3,PLBD2,,CMKLR1,,,,,,,,,,SPOCK2,KIF20A,,,,,
,ZNF296,SDS,,SLC8B1,,,,,,,,,,ASCC1,CDC23,,,,,
,PPM1N,SDSL,,PLBD2,,,,,,,,,,ANXA7,CDC25C,,,,,
,GIPR,HRK,,SDS,,,,,,,,,,MINPP1,ETF1,,,,,
,TRPM4,OASL,,SDSL,,,,,,,,,,STAMBPL1,HSPA9,,,,,
,SPIB,P2RX4,,HRK,,,,,,,,,,ACTA2,PFDN1,,,,,
,IGLON5,SCARB1,,P2RX7,,,,,,,,,,FAS,SRA1,,,,,
,SIGLEC6,STARD13,,SCARB1,,,,,,,,,,EXOSC1,NDUFA2,,,,,
,LILRA4,TSC22D1,,STARD13,,,,,,,,,,R3HCC1L,HARS,,,,,
,KLHL22,DLEU7,,LINC01050,,,,,,,,,,NFKB2,HDAC3,,,,,
,YDJC,TDRD3,,TSC22D1,,,,,,,,,,OBFC1,TCERG1,,,,,
,NIPSNAP1,CLN5,,SPRY2,,,,,,,,,,GRK5,CD74,,,,,
,YWHAH,FARP1,,COL4A2-AS2,,,,,,,,,,INPP5F,MRPL22,,,,,
,MCM5,COL4A2-AS2,,GAS6,,,,,,,,,,FAM53B,PTTG1,,,,,
,CTA-228A9.4,LAMP1,,RNASE1,,,,,,,,,,FANK1,NUDCD2,,,,,
,MAFF,RNASE1,,NDRG2,,,,,,,,,,ADAM12,HMMR,,,,,
,RP3-333H23.8,MMP14,,MMP14,,,,,,,,,,NINJ2,SPDL1,,,,,
,FAM118A,SLC7A8,,EGLN3,,,,,,,,,,ERC1,NPM1,,,,,
,RIBC2,PCK2,,ERO1A,,,,,,,,,,CACNA2D4,BNIP1,,,,,
,RP1-29C18.10,LGALS3,,RP11-841O20.2,,,,,,,,,,DCP1B,THOC3,,,,,
,RP3-402G11.25,LINC00520,,LINC00520,,,,,,,,,,CD27,NOP16,,,,,
,AP001059.6,TRMT5,,DAAM1,,,,,,,,,,CD4,MXD3,,,,,
,AP001059.7,SLC38A6,,HIF1A-AS2,,,,,,,,,,C3AR1,PRELID1,,,,,
,S100B,SGPP1,,PLEK2,,,,,,,,,,CLEC2D,DDX41,,,,,
,,ZFYVE26,,NPC2,,,,,,,,,,CLEC7A,NHP2,,,,,
,,ACOT4,,FLRT2,,,,,,,,,,DUSP16,HNRNPAB,,,,,
,,ENTPD5,,SPATA7,,,,,,,,,,CREBL2,RUFY1,,,,,
,,NPC2,,KCNK13,,,,,,,,,,APOLD1,GMDS,,,,,
,,ANGEL1,,LGMN,,,,,,,,,,STK38L,WRNIP1,,,,,
,,TTC7B,,EXOC3L4,,,,,,,,,,KLHL42,LY86,,,,,
,,LGMN,,CKB,,,,,,,,,,PCED1B,EEF1E1,,,,,
,,TMEM251,,ADSSL1,,,,,,,,,,HDAC7,PAK1IP1,,,,,
,,IFI27,,AHNAK2,,,,,,,,,,VDR,TMEM14B,,,,,
,,CDC42BPB,,CRIP2,,,,,,,,,,LMBR1L,SMIM13,,,,,
,,CYFIP1,,CYFIP1,,,,,,,,,,LIMA1,PHACTR1,,,,,
,,EMC7,,SCG5,,,,,,,,,,DIP2B,TBC1D7,,,,,
,,RP11-1008C21.1,,SPRED1,,,,,,,,,,METTL7A,MCUR1,,,,,
,,SPRED1,,BMF,,,,,,,,,,SLC11A2,DEK,,,,,
,,RMDN3,,CAPN3,,,,,,,,,,CSAD,GMNN,,,,,
,,GCHFR,,GATM,,,,,,,,,,IKZF4,HIST1H1C,,,,,
,,CAPN3,,C15orf48,,,,,,,,,,STAT2,HIST1H4C,,,,,
,,SQRDL,,TNFAIP8L3,,,,,,,,,,OS9,HIST1H1E,,,,,
,,GLDN,,CYP19A1,,,,,,,,,,FAM19A2,HIST1H1D,,,,,
,,MNS1,,MYO1E,,,,,,,,,,USP15,HIST1H2BH,,,,,
,,MYZAP,,CA12,,,,,,,,,,SLC35E3,HIST1H2AH,,,,,
,,ALDH1A2,,SEMA7A,,,,,,,,,,TBC1D15,HIST1H1B,,,,,
,,ANXA2,,CTSH,,,,,,,,,,SOCS2,HIST1H2AM,,,,,
,,RPS27L,,HAPLN3,,,,,,,,,,CRADD,ABCF1,,,,,
,,PLEKHO2,,RP11-20G13.3,,,,,,,,,,ANKS1B,MRPS18B,,,,,
,,HACD3,,NME4,,,,,,,,,,UHRF1BP1L,DHX16,,,,,
,,PAQR5,,FAM195A,,,,,,,,,,PMCH,NRM,,,,,
,,UACA,,HAGHL,,,,,,,,,,TCP11L2,TUBB,,,,,
,,HEXA,,TPSAB1,,,,,,,,,,RIC8B,CCHCR1,,,,,
,,CD276,,AMDHD2,,,,,,,,,,ISCU,TCF19,,,,,
,,FAH,,ZG16B,,,,,,,,,,NAA25,MICB,,,,,
,,NTRK3,,TMEM114,,,,,,,,,,OAS1,AIF1,,,,,
,,ARRDC4,,EMP2,,,,,,,,,,RBM19,BAG6,,,,,
,,RP11-20G13.3,,TVP23A,,,,,,,,,,RNF10,GPANK1,,,,,
,,HAGHL,,DEXI,,,,,,,,,,KDM2B,CSNK2B,,,,,
,,AMDHD2,,NTAN1,,,,,,,,,,LINC01089,VARS,,,,,
,,PRSS21,,GPRC5B,,,,,,,,,,SETD1B,LSM2,,,,,
,,DEXI,,ACSM5,,,,,,,,,,CLIP1,NELFE,,,,,
,,CTD-2135D7.5,,IGSF6,,,,,,,,,,SBNO1,HLA-DRA,,,,,
,,NTAN1,,OTOA,,,,,,,,,,SNRNP35,HLA-DRB5,,,,,
,,GDE1,,HS3ST2,,,,,,,,,,ZMYM2,HLA-DRB1,,,,,
,,IQCK,,IL27,,,,,,,,,,USP12,HLA-DQA1,,,,,
,,ACSM5,,ASPHD1,,,,,,,,,,LINC00426,HLA-DOB,,,,,
,,OTOA,,HSD3B7,,,,,,,,,,AKAP11,PSMB8,,,,,
,,HS3ST2,,MMP2,,,,,,,,,,EPSTI1,PSMB9,,,,,
,,NUPR1,,MT3,,,,,,,,,,TPT1-AS1,HLA-DMB,,,,,
,,ASPHD1,,MT1E,,,,,,,,,,FNDC3A,HLA-DMA,,,,,
,,HSD3B7,,MT1G,,,,,,,,,,RCBTB1,HLA-DPA1,,,,,
,,PRSS36,,MT1H,,,,,,,,,,TDRD3,PFDN6,,,,,
,,MMP2,,CCL22,,,,,,,,,,TBC1D4,KIFC1,,,,,
,,CES1,,CCL17,,,,,,,,,,CLN5,UQCC2,,,,,
,,MT1H,,KIFC3,,,,,,,,,,TM9SF2,HMGA1,,,,,
,,KIFC3,,SLC38A7,,,,,,,,,,GGACT,SNRPC,,,,,
,,SLC38A7,,BEAN1,,,,,,,,,,ANKRD10,SRPK1,,,,,
,,AGRP,,HSF4,,,,,,,,,,TRAC,SRSF3,,,,,
,,DDX28,,PMFBP1,,,,,,,,,,LRP10,PPIL1,,,,,
,,PLA2G15,,MAF,,,,,,,,,,C14orf119,CCDC167,,,,,
,,NQO1,,SERPINF1,,,,,,,,,,REC8,GLO1,,,,,
,,PMFBP1,,SMYD4,,,,,,,,,,COCH,BYSL,,,,,
,,LDHD,,CTNS,,,,,,,,,,MBIP,TAF8,,,,,
,,BCAR1,,GP1BA,,,,,,,,,,SEC23A,MRPS10,,,,,
,,MAF,,FGF11,,,,,,,,,,PRPF39,PPP2R5D,,,,,
,,VMO1,,ALOX15B,,,,,,,,,,LINC01588,MEA1,,,,,
,,CLDN7,,PIK3R6,,,,,,,,,,STYX,KLHDC3,,,,,
,,CD68,,PMP22,,,,,,,,,,DDHD1,POLH,,,,,
,,ALOX15B,,SREBF1,,,,,,,,,,CNIH1,MRPS18A,,,,,
,,TMEM220,,SLC46A1,,,,,,,,,,MAPK1IP1L,MRPL14,,,,,
,,PMP22,,CTD-2350C19.2,,,,,,,,,,ARID4A,SLC29A1,,,,,
,,UBB,,ALDOC,,,,,,,,,,SGPP1,CENPQ,,,,,
,,SLC47A1,,ADAP2,,,,,,,,,,CHURC1,MCM3,,,,,
,,ALDH3A2,,OMG,,,,,,,,,,NUMB,TMEM14A,,,,,
,,VTN,,MYO1D,,,,,,,,,,BATF,BAG2,,,,,
,,SLC46A1,,CCL2,,,,,,,,,,FOXN3,PRIM2,,,,,
,,OMG,,CCL7,,,,,,,,,,LGMN,KHDC1,,,,,
,,COPRS,,CCL8,,,,,,,,,,ASB2,COX7A2,,,,,
,,CCL2,,CCL13,,,,,,,,,,GSKIP,HMGN3,,,,,
,,CCL7,,CCL15,,,,,,,,,,TRAF3,TTK,,,,,
,,CCL8,,CCL18,,,,,,,,,,SLC12A6,SYNCRIP,,,,,
,,CCL13,,AC069363.1,,,,,,,,,,GOLGA8B,ORC3,,,,,
,,CCL15,,DUSP14,,,,,,,,,,C15orf57,PM20D2,,,,,
,,CCL23,,GSDMA,,,,,,,,,,GCHFR,UBE2J1,,,,,
,,CCL18,,IGFBP4,,,,,,,,,,NDUFAF1,CASP8AP2,,,,,
,,AC069363.1,,PTRF,,,,,,,,,,SNAP23,MMS22L,,,,,
,,GSDMA,,ARL4D,,,,,,,,,,CCNDBP1,COQ3,,,,,
,,NAGLU,,ITGB3,,,,,,,,,,EIF3J,QRSL1,,,,,
,,VAT1,,MRC2,,,,,,,,,,MAPK6,CEP57L1,,,,,
,,GRN,,FAM20A,,,,,,,,,,MYO5A,GTF3C6,,,,,
,,HOXB7,,SLC39A11,,,,,,,,,,ZNF280D,HDAC2,,,,,
,,ABCC3,,SLC25A19,,,,,,,,,,TCF12,CENPW,,,,,
,,SCPEP1,,TRIM47,,,,,,,,,,ADAM10,EPB41L2,,,,,
,,4-Sep,,CARD14,,,,,,,,,,AAGAB,SF3B5,,,,,
,,TEX14,,SLC26A11,,,,,,,,,,NPTN,KATNA1,,,,,
,,ACE,,BAIAP2,,,,,,,,,,MAN2C1,PCMT1,,,,,
,,TEX2,,P4HB,,,,,,,,,,AEN,FBXO5,,,,,
,,FAM20A,,FN3K,,,,,,,,,,HAPLN3,TFB1M,,,,,
,,SLC39A11,,L3MBTL4-AS1,,,,,,,,,,CRTC3,ACAT2,,,,,
,,TRIM47,,NPC1,,,,,,,,,,FURIN,MPC1,,,,,
,,CYGB,,ANKRD29,,,,,,,,,,FAM174B,FGFR1OP,,,,,
,,TIMP2,,SIGLEC15,,,,,,,,,,TM2D3,PDCD2,,,,,
,,LGALS3BP,,MRO,,,,,,,,,,ZG16B,PSMG3,,,,,
,,GAA,,TNFRSF11A,,,,,,,,,,IL32,FTSJ2,,,,,
,,SLC26A11,,SMOX,,,,,,,,,,ZNF200,NUDT1,,,,,
,,COLEC12,,BMP2,,,,,,,,,,CDIP1,SNX8,,,,,
,,ENOSF1,,SPTLC3,,,,,,,,,,TXNDC11,EIF3B,,,,,
,,GAPLINC,,ABHD12,,,,,,,,,,ZC3H7A,ACTB,,,,,
,,L3MBTL4-AS1,,NINL,,,,,,,,,,KIAA0430,PMS2,,,,,
,,PTPRM,,HM13,,,,,,,,,,EEF2K,AIMP2,,,,,
,,SPIRE1,,ASIP,,,,,,,,,,IL21R,RAC1,,,,,
,,CABLES1,,SPAG4,,,,,,,,,,LAT,KDELR2,,,,,
,,NPC1,,MYL9,,,,,,,,,,MVP,BZW2,,,,,
,,ANKRD29,,RP4-644L1.2,,,,,,,,,,ZNF267,CDCA7L,,,,,
,,OSBPL1A,,SDC4,,,,,,,,,,C16orf87,HNRNPA2B1,,,,,
,,SIGLEC15,,NEURL2,,,,,,,,,,DNAJA2,CBX3,,,,,
,,ZBTB7C,,PLTP,,,,,,,,,,NETO2,GGCT,,,,,
,,MRO,,MMP9,,,,,,,,,,ITFG1,GARS,,,,,
,,LMAN1,,SLC12A5,,,,,,,,,,PHKB,LSM5,,,,,
,,CYB5A,,CD40,,,,,,,,,,SNX20,ANLN,,,,,
,,SIGLEC1,,EYA2,,,,,,,,,,AKTIP,PSMA2,,,,,
,,RP5-839B4.8,,CTSZ,,,,,,,,,,FTO,BLVRA,,,,,
,,BCL2L1,,SLC17A9,,,,,,,,,,CPNE2,DBNL,,,,,
,,ASIP,,BIRC7,,,,,,,,,,CCL22,POLD2,,,,,
,,EPB41L1,,NFIC,,,,,,,,,,CES4A,YKT6,,,,,
,,TGM2,,MFSD12,,,,,,,,,,NFAT5,PPIA,,,,,
,,RP4-644L1.2,,MATK,,,,,,,,,,MAF,H2AFV,,,,,
,,CTSA,,STAP2,,,,,,,,,,GAN,FIGNL1,,,,,
,,PLTP,,C3,,,,,,,,,,BANP,SEC61G,,,,,
,,MMP9,,FCER2,,,,,,,,,,SLC43A2,LANCL2,,,,,
,,SLC12A5,,CD209,,,,,,,,,,KIF1C,CCT6A,,,,,
,,CTSZ,,ANGPTL4,,,,,,,,,,COX10,CHCHD2,,,,,
,,BIRC7,,OLFM2,,,,,,,,,,HS3ST3B1,VKORC1L1,,,,,
,,MFSD12,,P2RY11,,,,,,,,,,TRIM16,GUSB,,,,,
,,MATK,,DNMT1,,,,,,,,,,TNFRSF13B,BAZ1B,,,,,
,,STAP2,,S1PR2,,,,,,,,,,DHRS7B,BCL7B,,,,,
,,MPND,,AP1M2,,,,,,,,,,MAP2K3,ABHD11,,,,,
,,MCOLN1,,CTC-425F1.4,,,,,,,,,,WSB1,EIF4H,,,,,
,,CD209,,PDE4C,,,,,,,,,,UNC119,RFC2,,,,,
,,P2RY11,,KIAA1683,,,,,,,,,,SGK494,MDH2,,,,,
,,ACP5,,GDF15,,,,,,,,,,SDF2,SLC25A40,,,,,
,,DNASE2,,HOMER3,,,,,,,,,,C17orf96,DBF4,,,,,
,,GDF15,,CEBPA,,,,,,,,,,STAT5A,SHFM1,,,,,
,,CEBPA,,SCN1B,,,,,,,,,,ATP6V0A1,ARPC1B,,,,,
,,PEPD,,LSR,,,,,,,,,,NBR1,PDAP1,,,,,
,,HAMP,,HAMP,,,,,,,,,,CTD-2020K17.1,BUD31,,,,,
,,CLC,,NPHS1,,,,,,,,,,NSF,CPSF4,,,,,
,,PLD3,,PPP1R14A,,,,,,,,,,HLF,ATP5J2,,,,,
,,B3GNT8,,CLC,,,,,,,,,,DGKE,MCM7,,,,,
,,APOE,,FCGBP,,,,,,,,,,MSI2,TAF6,,,,,
,,APOC1,,PLD3,,,,,,,,,,VMP1,STAG3,,,,,
,,APOC2,,CYP2S1,,,,,,,,,,TUBD1,GNB2,,,,,
,,CA11,,B3GNT8,,,,,,,,,,BCAS3,POP7,,,,,
,,HSD17B14,,LINC01480,,,,,,,,,,PRKAR1A,AP1S1,,,,,
,,DHDH,,CEACAM6,,,,,,,,,,NAT9,IFT22,,,,,
,,FTL,,KCNN4,,,,,,,,,,SEC14L1,LRWD1,,,,,
,,SIGLEC8,,PVRL2,,,,,,,,,,SYNGR2,POLR2J,,,,,
,,LILRB5,,APOE,,,,,,,,,,SGSH,PSMC2,,,,,
,,LAIR1,,APOC2,,,,,,,,,,SLC26A11,DLD,,,,,
,,LILRB4,,CALM3,,,,,,,,,,B3GNTL1,POT1,,,,,
,,USP18,,PLA2G4C,,,,,,,,,,DLGAP1-AS1,SND1,,,,,
,,MRPL40,,DBP,,,,,,,,,,MIB1,IMPDH1,,,,,
,,RTN4R,,CA11,,,,,,,,,,MALT1,CALU,,,,,
,,CHCHD10,,IL4I1,,,,,,,,,,PMAIP1,CEP41,,,,,
,,GSTT2B,,ATF5,,,,,,,,,,BCL2,CHCHD3,,,,,
,,CRYBB1,,SIGLEC8,,,,,,,,,,ZADH2,AKR1B1,,,,,
,,TCN2,,FPR3,,,,,,,,,,FAM110A,NUP205,,,,,
,,TIMP3,,LILRB5,,,,,,,,,,FASTKD5,LUC7L2,,,,,
,,HMOX1,,LILRB4,,,,,,,,,,PRNP,NDUFB2,,,,,
,,APOL2,,RTN4R,,,,,,,,,,SLX4IP,MRPS33,,,,,
,,APOL1,,IGLV6-57,,,,,,,,,,BCL2L1,SSBP1,,,,,
,,PVALB,,IGLV3-21,,,,,,,,,,PLAGL2,CASP2,,,,,
,,PNPLA3,,IGLV2-8,,,,,,,,,,ASXL1,EZH2,,,,,
,,RCAN1,,IGLL5,,,,,,,,,,MAP1LC3A,PDIA4,,,,,
,,CBR1,,IGLC3,,,,,,,,,,SCAND1,TMUB1,,,,,
,,BACE2,,IGLC5,,,,,,,,,,LINC00657,RHEB,,,,,
,,ABCG1,,MIF,,,,,,,,,,SRSF6,XRCC2,,,,,
,,PDXK,,MIF-AS1,,,,,,,,,,TTPAL,PAXIP1,,,,,
,,CSTB,,CRYBB1,,,,,,,,,,SDC4,NCAPG2,,,,,
,,COL6A1,,AP1B1,,,,,,,,,,CTSA,PUDP,,,,,
,,COL6A2,,TCN2,,,,,,,,,,MMP9,PRPS2,,,,,
,,LSS,,PIK3IP1,,,,,,,,,,NCOA5,FANCB,,,,,
,,,,TIMP3,,,,,,,,,,NCOA3,AP1S2,,,,,
,,,,HMOX1,,,,,,,,,,SULF2,RBBP7,,,,,
,,,,APOL3,,,,,,,,,,STAU1,PDHA1,,,,,
,,,,FOXRED2,,,,,,,,,,FAM210B,EIF1AX,,,,,
,,,,CDC42EP1,,,,,,,,,,SLCO4A1,POLA1,,,,,
,,,,LGALS1,,,,,,,,,,R3HDM4,FUNDC1,,,,,
,,,,H1F0,,,,,,,,,,CIRBP,NDUFB11,,,,,
,,,,SLC16A8,,,,,,,,,,IZUMO4,RBM10,,,,,
,,,,PDGFB,,,,,,,,,,GNA15,UBA1,,,,,
,,,,ENTHD1,,,,,,,,,,APBA3,SLC38A5,,,,,
,,,,PARVB,,,,,,,,,,EBI3,FTSJ1,,,,,
,,,,CELSR1,,,,,,,,,,LRG1,EBP,,,,,
,,,,MIR155HG,,,,,,,,,,KDM4B,RBM3,,,,,
,,,,MAP3K7CL,,,,,,,,,,RANBP3,SUV39H1,,,,,
,,,,RCAN1,,,,,,,,,,CD70,SMC1A,,,,,
,,,,CBR3,,,,,,,,,,PET100,HSD17B10,,,,,
,,,,DOPEY2,,,,,,,,,,NDUFA7,APEX2,,,,,
,,,,AP000695.4,,,,,,,,,,ZNF561,FAM104B,,,,,
,,,,PDXK,,,,,,,,,,OLFM2,LAS1L,,,,,
,,,,CSTB,,,,,,,,,,ICAM3,PDZD11,,,,,
,,,,TRPM2,,,,,,,,,,ACP5,KIF4A,,,,,
,,,,COL6A1,,,,,,,,,,ZNF563,NONO,,,,,
,,,,COL6A2,,,,,,,,,,IL27RA,COX7B,,,,,
,,,,LSS,,,,,,,,,,JAK3,CSTF2,,,,,
,,,,S100B,,,,,,,,,,IL12RB1,TIMM8A,,,,,
,,,,,,,,,,,,,,NDUFA13,NXT2,,,,,
,,,,,,,,,,,,,,GMIP,PGRMC1,,,,,
,,,,,,,,,,,,,,ATP13A1,SLC25A5,,,,,
,,,,,,,,,,,,,,ZNF101,UBE2A,,,,,
,,,,,,,,,,,,,,ZBTB32,UPF3B,,,,,
,,,,,,,,,,,,,,PLEKHG2,MCTS1,,,,,
,,,,,,,,,,,,,,POU2F2,AIFM1,,,,,
,,,,,,,,,,,,,,CEACAM1,SLC25A14,,,,,
,,,,,,,,,,,,,,CD177,HPRT1,,,,,
,,,,,,,,,,,,,,KCNN4,HTATSF1,,,,,
,,,,,,,,,,,,,,BCL3,RBMX,,,,,
,,,,,,,,,,,,,,RELB,HMGB3,,,,,
,,,,,,,,,,,,,,EML2,VMA21,,,,,
,,,,,,,,,,,,,,PTGIR,FAM58A,,,,,
,,,,,,,,,,,,,,GNG8,NAA10,,,,,
,,,,,,,,,,,,,,IL4I1,HCFC1,,,,,
,,,,,,,,,,,,,,ZNF880,IRAK1,,,,,
,,,,,,,,,,,,,,MBOAT7,LAGE3,,,,,
,,,,,,,,,,,,,,LAIR2,UBL4A,,,,,
,,,,,,,,,,,,,,TPTEP1,DKC1,,,,,
,,,,,,,,,,,,,,MICAL3,BRCC3,,,,,
,,,,,,,,,,,,,,DGCR2,VBP1,,,,,
,,,,,,,,,,,,,,KLHL22,FDFT1,,,,,
,,,,,,,,,,,,,,ADRBK2,REEP4,,,,,
,,,,,,,,,,,,,,RHBDD3,CDCA2,,,,,
,,,,,,,,,,,,,,TOM1,DPYSL2,,,,,
,,,,,,,,,,,,,,NCF4,CCDC25,,,,,
,,,,,,,,,,,,,,CSF2RB,ESCO2,,,,,
,,,,,,,,,,,,,,IL2RB,PBK,,,,,
,,,,,,,,,,,,,,ZC3H7B,MAK16,,,,,
,,,,,,,,,,,,,,MEI1,EIF4EBP1,,,,,
,,,,,,,,,,,,,,NFAM1,ASH2L,,,,,
,,,,,,,,,,,,,,PRR34-AS1,LSM1,,,,,
,,,,,,,,,,,,,,GRAMD4,BAG4,,,,,
,,,,,,,,,,,,,,PIM3,GINS4,,,,,
,,,,,,,,,,,,,,TYMP,VDAC3,,,,,
,,,,,,,,,,,,,,NRIP1,PRKDC,,,,,
,,,,,,,,,,,,,,BTG3,MCM4,,,,,
,,,,,,,,,,,,,,BACH1,UBE2V2,,,,,
,,,,,,,,,,,,,,TIAM1,MRPL15,,,,,
,,,,,,,,,,,,,,IFNAR2,GGH,,,,,
,,,,,,,,,,,,,,IL10RB,ARMC1,,,,,
,,,,,,,,,,,,,,IFNGR2,COPS5,,,,,
,,,,,,,,,,,,,,LINC00649,TCEB1,,,,,
,,,,,,,,,,,,,,MORC3,FABP5,,,,,
,,,,,,,,,,,,,,MX1,LRRCC1,,,,,
,,,,,,,,,,,,,,ABCG1,RMDN1,,,,,
,,,,,,,,,,,,,,AP001055.6,DECR1,,,,,
,,,,,,,,,,,,,,PTTG1IP,CCNE2,,,,,
,,,,,,,,,,,,,,C11orf71,NDUFAF6,,,,,
,,,,,,,,,,,,,,,COX6C,,,,,
,,,,,,,,,,,,,,,FBXO43,,,,,
,,,,,,,,,,,,,,,ZNF706,,,,,
,,,,,,,,,,,,,,,NUDCD1,,,,,
,,,,,,,,,,,,,,,ENY2,,,,,
,,,,,,,,,,,,,,,RAD21,,,,,
,,,,,,,,,,,,,,,DSCC1,,,,,
,,,,,,,,,,,,,,,MRPL13,,,,,
,,,,,,,,,,,,,,,ATAD2,,,,,
,,,,,,,,,,,,,,,WDYHV1,,,,,
,,,,,,,,,,,,,,,NDUFB9,,,,,
,,,,,,,,,,,,,,,NSMCE2,,,,,
,,,,,,,,,,,,,,,CHRAC1,,,,,
,,,,,,,,,,,,,,,PUF60,,,,,
,,,,,,,,,,,,,,,GPAA1,,,,,
,,,,,,,,,,,,,,,CYC1,,,,,
,,,,,,,,,,,,,,,BOP1,,,,,
,,,,,,,,,,,,,,,CPSF1,,,,,
,,,,,,,,,,,,,,,PLGRKT,,,,,
,,,,,,,,,,,,,,,PSIP1,,,,,
,,,,,,,,,,,,,,,HAUS6,,,,,
,,,,,,,,,,,,,,,CDKN2A,,,,,
,,,,,,,,,,,,,,,NDUFB6,,,,,
,,,,,,,,,,,,,,,BAG1,,,,,
,,,,,,,,,,,,,,,UBAP2,,,,,
,,,,,,,,,,,,,,,DCAF12,,,,,
,,,,,,,,,,,,,,,DCTN3,,,,,
,,,,,,,,,,,,,,,SIGMAR1,,,,,
,,,,,,,,,,,,,,,FANCG,,,,,
,,,,,,,,,,,,,,,STOML2,,,,,
,,,,,,,,,,,,,,,ARHGEF39,,,,,
,,,,,,,,,,,,,,,HINT2,,,,,
,,,,,,,,,,,,,,,CLTA,,,,,
,,,,,,,,,,,,,,,MELK,,,,,
,,,,,,,,,,,,,,,GRHPR,,,,,
,,,,,,,,,,,,,,,TOMM5,,,,,
,,,,,,,,,,,,,,,EXOSC3,,,,,
,,,,,,,,,,,,,,,C9orf40,,,,,
,,,,,,,,,,,,,,,PSAT1,,,,,
,,,,,,,,,,,,,,,RMI1,,,,,
,,,,,,,,,,,,,,,CKS2,,,,,
,,,,,,,,,,,,,,,SYK,,,,,
,,,,,,,,,,,,,,,CENPP,,,,,
,,,,,,,,,,,,,,,MFSD14B,,,,,
,,,,,,,,,,,,,,,ZNF367,,,,,
,,,,,,,,,,,,,,,ANP32B,,,,,
,,,,,,,,,,,,,,,SEC61B,,,,,
,,,,,,,,,,,,,,,SMC2,,,,,
,,,,,,,,,,,,,,,NIPSNAP3A,,,,,
,,,,,,,,,,,,,,,CTNNAL1,,,,,
,,,,,,,,,,,,,,,TXN,,,,,
,,,,,,,,,,,,,,,INIP,,,,,
,,,,,,,,,,,,,,,PRPF4,,,,,
,,,,,,,,,,,,,,,POLE3,,,,,
,,,,,,,,,,,,,,,CDK5RAP2,,,,,
,,,,,,,,,,,,,,,PHF19,,,,,
,,,,,,,,,,,,,,,CNTRL,,,,,
,,,,,,,,,,,,,,,NDUFA8,,,,,
,,,,,,,,,,,,,,,NEK6,,,,,
,,,,,,,,,,,,,,,PSMB7,,,,,
,,,,,,,,,,,,,,,DPM2,,,,,
,,,,,,,,,,,,,,,TRUB2,,,,,
,,,,,,,,,,,,,,,URM1,,,,,
,,,,,,,,,,,,,,,ODF2,,,,,
,,,,,,,,,,,,,,,GLE1,,,,,
,,,,,,,,,,,,,,,WDR34,,,,,
,,,,,,,,,,,,,,,SET,,,,,
,,,,,,,,,,,,,,,ZDHHC12,,,,,
,,,,,,,,,,,,,,,C9orf114,,,,,
,,,,,,,,,,,,,,,NUP188,,,,,
,,,,,,,,,,,,,,,NTMT1,,,,,
,,,,,,,,,,,,,,,TOR1A,,,,,
,,,,,,,,,,,,,,,EXOSC2,,,,,
,,,,,,,,,,,,,,,UCK1,,,,,
,,,,,,,,,,,,,,,TTF1,,,,,
,,,,,,,,,,,,,,,GTF3C5,,,,,
,,,,,,,,,,,,,,,WDR5,,,,,
,,,,,,,,,,,,,,,MRPS2,,,,,
,,,,,,,,,,,,,,,UBAC1,,,,,
,,,,,,,,,,,,,,,SAPCD2,,,,,
,,,,,,,,,,,,,,,SSNA1,,,,,
,,,,,,,,,,,,,,,TUBB4B,,,,,
,,,,,,,,,,,,,,,NELFB,,,,,
,,,,,,,,,,,,,,,MRPL41,,,,,
,,,,,,,,,,,,,,,PSMD13,,,,,
,,,,,,,,,,,,,,,HRAS,,,,,
,,,,,,,,,,,,,,,TALDO1,,,,,
,,,,,,,,,,,,,,,SLC25A22,,,,,
,,,,,,,,,,,,,,,PIDD1,,,,,
,,,,,,,,,,,,,,,POLR2L,,,,,
,,,,,,,,,,,,,,,MRPL23,,,,,
,,,,,,,,,,,,,,,PGAP2,,,,,
,,,,,,,,,,,,,,,RRM1,,,,,
,,,,,,,,,,,,,,,ILK,,,,,
,,,,,,,,,,,,,,,MRPL17,,,,,
,,,,,,,,,,,,,,,IPO7,,,,,
,,,,,,,,,,,,,,,WEE1,,,,,
,,,,,,,,,,,,,,,SWAP70,,,,,
,,,,,,,,,,,,,,,PSMA1,,,,,
,,,,,,,,,,,,,,,NUCB2,,,,,
,,,,,,,,,,,,,,,SAAL1,,,,,
,,,,,,,,,,,,,,,LDHA,,,,,
,,,,,,,,,,,,,,,E2F8,,,,,
,,,,,,,,,,,,,,,CCDC34,,,,,
,,,,,,,,,,,,,,,KIF18A,,,,,
,,,,,,,,,,,,,,,IMMP1L,,,,,
,,,,,,,,,,,,,,,CAPRIN1,,,,,
,,,,,,,,,,,,,,,APIP,,,,,
,,,,,,,,,,,,,,,CKAP5,,,,,
,,,,,,,,,,,,,,,SPI1,,,,,
,,,,,,,,,,,,,,,PSMC3,,,,,
,,,,,,,,,,,,,,,NDUFS3,,,,,
,,,,,,,,,,,,,,,SSRP1,,,,,
,,,,,,,,,,,,,,,SLC43A3,,,,,
,,,,,,,,,,,,,,,TIMM10,,,,,
,,,,,,,,,,,,,,,C11orf31,,,,,
,,,,,,,,,,,,,,,ZFP91,,,,,
,,,,,,,,,,,,,,,FAM111B,,,,,
,,,,,,,,,,,,,,,FAM111A,,,,,
,,,,,,,,,,,,,,,PATL1,,,,,
,,,,,,,,,,,,,,,MRPL16,,,,,
,,,,,,,,,,,,,,,MS4A1,,,,,
,,,,,,,,,,,,,,,PRPF19,,,,,
,,,,,,,,,,,,,,,TMEM109,,,,,
,,,,,,,,,,,,,,,CYB561A3,,,,,
,,,,,,,,,,,,,,,FEN1,,,,,
,,,,,,,,,,,,,,,INCENP,,,,,
,,,,,,,,,,,,,,,ASRGL1,,,,,
,,,,,,,,,,,,,,,GANAB,,,,,
,,,,,,,,,,,,,,,UQCC3,,,,,
,,,,,,,,,,,,,,,HNRNPUL2,,,,,
,,,,,,,,,,,,,,,RTN3,,,,,
,,,,,,,,,,,,,,,COX8A,,,,,
,,,,,,,,,,,,,,,PPP1R14B,,,,,
,,,,,,,,,,,,,,,BAD,,,,,
,,,,,,,,,,,,,,,SAC3D1,,,,,
,,,,,,,,,,,,,,,CDCA5,,,,,
,,,,,,,,,,,,,,,SYVN1,,,,,
,,,,,,,,,,,,,,,POLA2,,,,,
,,,,,,,,,,,,,,,SSSCA1,,,,,
,,,,,,,,,,,,,,,RNASEH2C,,,,,
,,,,,,,,,,,,,,,CFL1,,,,,
,,,,,,,,,,,,,,,FIBP,,,,,
,,,,,,,,,,,,,,,BANF1,,,,,
,,,,,,,,,,,,,,,SF3B2,,,,,
,,,,,,,,,,,,,,,MRPL11,,,,,
,,,,,,,,,,,,,,,DPP3,,,,,
,,,,,,,,,,,,,,,RBM14,,,,,
,,,,,,,,,,,,,,,PPP1CA,,,,,
,,,,,,,,,,,,,,,GSTP1,,,,,
,,,,,,,,,,,,,,,NDUFV1,,,,,
,,,,,,,,,,,,,,,NUDT8,,,,,
,,,,,,,,,,,,,,,ACY3,,,,,
,,,,,,,,,,,,,,,NDUFS8,,,,,
,,,,,,,,,,,,,,,C11orf24,,,,,
,,,,,,,,,,,,,,,MRPL21,,,,,
,,,,,,,,,,,,,,,FADD,,,,,
,,,,,,,,,,,,,,,ANAPC15,,,,,
,,,,,,,,,,,,,,,MRPL48,,,,,
,,,,,,,,,,,,,,,COA4,,,,,
,,,,,,,,,,,,,,,POLD3,,,,,
,,,,,,,,,,,,,,,PAK1,,,,,
,,,,,,,,,,,,,,,AAMDC,,,,,
,,,,,,,,,,,,,,,NDUFC2,,,,,
,,,,,,,,,,,,,,,TMEM126A,,,,,
,,,,,,,,,,,,,,,C11orf73,,,,,
,,,,,,,,,,,,,,,CEP295,,,,,
,,,,,,,,,,,,,,,MRE11A,,,,,
,,,,,,,,,,,,,,,FAM76B,,,,,
,,,,,,,,,,,,,,,CEP57,,,,,
,,,,,,,,,,,,,,,DCUN1D5,,,,,
,,,,,,,,,,,,,,,ACAT1,,,,,
,,,,,,,,,,,,,,,KDELC2,,,,,
,,,,,,,,,,,,,,,FDX1,,,,,
,,,,,,,,,,,,,,,POU2AF1,,,,,
,,,,,,,,,,,,,,,PPP2R1B,,,,,
,,,,,,,,,,,,,,,DLAT,,,,,
,,,,,,,,,,,,,,,TIMM8B,,,,,
,,,,,,,,,,,,,,,PTS,,,,,
,,,,,,,,,,,,,,,ZW10,,,,,
,,,,,,,,,,,,,,,BUD13,,,,,
,,,,,,,,,,,,,,,ATP5L,,,,,
,,,,,,,,,,,,,,,SLC37A4,,,,,
,,,,,,,,,,,,,,,HMBS,,,,,
,,,,,,,,,,,,,,,H2AFX,,,,,
,,,,,,,,,,,,,,,RNF26,,,,,
,,,,,,,,,,,,,,,STT3A,,,,,
,,,,,,,,,,,,,,,CHEK1,,,,,
,,,,,,,,,,,,,,,FOXRED1,,,,,
,,,,,,,,,,,,,,,DCPS,,,,,
,,,,,,,,,,,,,,,NCAPD3,,,,,
,,,,,,,,,,,,,,,GTPBP4,,,,,
,,,,,,,,,,,,,,,NET1,,,,,
,,,,,,,,,,,,,,,GDI2,,,,,
,,,,,,,,,,,,,,,RBM17,,,,,
,,,,,,,,,,,,,,,ATP5C1,,,,,
,,,,,,,,,,,,,,,NUDT5,,,,,
,,,,,,,,,,,,,,,CDC123,,,,,
,,,,,,,,,,,,,,,MCM10,,,,,
,,,,,,,,,,,,,,,SEPHS1,,,,,
,,,,,,,,,,,,,,,HSPA14,,,,,
,,,,,,,,,,,,,,,SUV39H2,,,,,
,,,,,,,,,,,,,,,DCLRE1C,,,,,
,,,,,,,,,,,,,,,VIM,,,,,
,,,,,,,,,,,,,,,PDSS1,,,,,
,,,,,,,,,,,,,,,MASTL,,,,,
,,,,,,,,,,,,,,,HNRNPF,,,,,
,,,,,,,,,,,,,,,TIMM23,,,,,
,,,,,,,,,,,,,,,ZWINT,,,,,
,,,,,,,,,,,,,,,CISD1,,,,,
,,,,,,,,,,,,,,,TFAM,,,,,
,,,,,,,,,,,,,,,CDK1,,,,,
,,,,,,,,,,,,,,,DNA2,,,,,
,,,,,,,,,,,,,,,PPA1,,,,,
,,,,,,,,,,,,,,,PCBD1,,,,,
,,,,,,,,,,,,,,,DNAJC9,,,,,
,,,,,,,,,,,,,,,MRPS16,,,,,
,,,,,,,,,,,,,,,CHCHD1,,,,,
,,,,,,,,,,,,,,,VDAC2,,,,,
,,,,,,,,,,,,,,,ZMIZ1,,,,,
,,,,,,,,,,,,,,,PPIF,,,,,
,,,,,,,,,,,,,,,KIF20B,,,,,
,,,,,,,,,,,,,,,KIF11,,,,,
,,,,,,,,,,,,,,,CEP55,,,,,
,,,,,,,,,,,,,,,HELLS,,,,,
,,,,,,,,,,,,,,,PDLIM1,,,,,
,,,,,,,,,,,,,,,ALDH18A1,,,,,
,,,,,,,,,,,,,,,BLNK,,,,,
,,,,,,,,,,,,,,,ARHGAP19,,,,,
,,,,,,,,,,,,,,,PGAM1,,,,,
,,,,,,,,,,,,,,,ZDHHC16,,,,,
,,,,,,,,,,,,,,,GOT1,,,,,
,,,,,,,,,,,,,,,NPM3,,,,,
,,,,,,,,,,,,,,,NOLC1,,,,,
,,,,,,,,,,,,,,,PCGF6,,,,,
,,,,,,,,,,,,,,,TAF5,,,,,
,,,,,,,,,,,,,,,SFR1,,,,,
,,,,,,,,,,,,,,,GSTO1,,,,,
,,,,,,,,,,,,,,,XPNPEP1,,,,,
,,,,,,,,,,,,,,,SMC3,,,,,
,,,,,,,,,,,,,,,CASP7,,,,,
,,,,,,,,,,,,,,,EIF3A,,,,,
,,,,,,,,,,,,,,,SFXN4,,,,,
,,,,,,,,,,,,,,,PRDX3,,,,,
,,,,,,,,,,,,,,,MCMBP,,,,,
,,,,,,,,,,,,,,,NSMCE4A,,,,,
,,,,,,,,,,,,,,,BUB3,,,,,
,,,,,,,,,,,,,,,LHPP,,,,,
,,,,,,,,,,,,,,,METTL10,,,,,
,,,,,,,,,,,,,,,BCCIP,,,,,
,,,,,,,,,,,,,,,MKI67,,,,,
,,,,,,,,,,,,,,,GLRX3,,,,,
,,,,,,,,,,,,,,,ZNF511,,,,,
,,,,,,,,,,,,,,,FOXM1,,,,,
,,,,,,,,,,,,,,,RHNO1,,,,,
,,,,,,,,,,,,,,,RAD51AP1,,,,,
,,,,,,,,,,,,,,,NDUFA9,,,,,
,,,,,,,,,,,,,,,MRPL51,,,,,
,,,,,,,,,,,,,,,NCAPD2,,,,,
,,,,,,,,,,,,,,,GAPDH,,,,,
,,,,,,,,,,,,,,,CDCA3,,,,,
,,,,,,,,,,,,,,,TPI1,,,,,
,,,,,,,,,,,,,,,PHB2,,,,,
,,,,,,,,,,,,,,,MAGOHB,,,,,
,,,,,,,,,,,,,,,HEBP1,,,,,
,,,,,,,,,,,,,,,H2AFJ,,,,,
,,,,,,,,,,,,,,,STRAP,,,,,
,,,,,,,,,,,,,,,DERA,,,,,
,,,,,,,,,,,,,,,RECQL,,,,,
,,,,,,,,,,,,,,,CMAS,,,,,
,,,,,,,,,,,,,,,BCAT1,,,,,
,,,,,,,,,,,,,,,LRMP,,,,,
,,,,,,,,,,,,,,,TM7SF3,,,,,
,,,,,,,,,,,,,,,MRPS35,,,,,
,,,,,,,,,,,,,,,DDX11,,,,,
,,,,,,,,,,,,,,,ZCRB1,,,,,
,,,,,,,,,,,,,,,TMEM106C,,,,,
,,,,,,,,,,,,,,,SENP1,,,,,
,,,,,,,,,,,,,,,TUBA1B,,,,,
,,,,,,,,,,,,,,,TUBA1C,,,,,
,,,,,,,,,,,,,,,TROAP,,,,,
,,,,,,,,,,,,,,,SPATS2,,,,,
,,,,,,,,,,,,,,,MCRS1,,,,,
,,,,,,,,,,,,,,,RACGAP1,,,,,
,,,,,,,,,,,,,,,AAAS,,,,,
,,,,,,,,,,,,,,,PCBP2,,,,,
,,,,,,,,,,,,,,,CBX5,,,,,
,,,,,,,,,,,,,,,HNRNPA1,,,,,
,,,,,,,,,,,,,,,GTSF1,,,,,
,,,,,,,,,,,,,,,BLOC1S1,,,,,
,,,,,,,,,,,,,,,CDK2,,,,,
,,,,,,,,,,,,,,,PA2G4,,,,,
,,,,,,,,,,,,,,,MYL6B,,,,,
,,,,,,,,,,,,,,,MYL6,,,,,
,,,,,,,,,,,,,,,NABP2,,,,,
,,,,,,,,,,,,,,,CS,,,,,
,,,,,,,,,,,,,,,TIMELESS,,,,,
,,,,,,,,,,,,,,,ATP5B,,,,,
,,,,,,,,,,,,,,,PTGES3,,,,,
,,,,,,,,,,,,,,,PRIM1,,,,,
,,,,,,,,,,,,,,,SHMT2,,,,,
,,,,,,,,,,,,,,,DCTN2,,,,,
,,,,,,,,,,,,,,,CDK4,,,,,
,,,,,,,,,,,,,,,TSFM,,,,,
,,,,,,,,,,,,,,,XRCC6BP1,,,,,
,,,,,,,,,,,,,,,MDM1,,,,,
,,,,,,,,,,,,,,,NUP107,,,,,
,,,,,,,,,,,,,,,CPSF6,,,,,
,,,,,,,,,,,,,,,YEATS4,,,,,
,,,,,,,,,,,,,,,CCT2,,,,,
,,,,,,,,,,,,,,,NAP1L1,,,,,
,,,,,,,,,,,,,,,UBE2N,,,,,
,,,,,,,,,,,,,,,NDUFA12,,,,,
,,,,,,,,,,,,,,,METAP2,,,,,
,,,,,,,,,,,,,,,SNRPF,,,,,
,,,,,,,,,,,,,,,TMPO-AS1,,,,,
,,,,,,,,,,,,,,,TMPO,,,,,
,,,,,,,,,,,,,,,SLC25A3,,,,,
,,,,,,,,,,,,,,,IKBIP,,,,,
,,,,,,,,,,,,,,,NUP37,,,,,
,,,,,,,,,,,,,,,PARPBP,,,,,
,,,,,,,,,,,,,,,HSP90B1,,,,,
,,,,,,,,,,,,,,,NFYB,,,,,
,,,,,,,,,,,,,,,TXNRD1,,,,,
,,,,,,,,,,,,,,,PWP1,,,,,
,,,,,,,,,,,,,,,UNG,,,,,
,,,,,,,,,,,,,,,MMAB,,,,,
,,,,,,,,,,,,,,,ARPC3,,,,,
,,,,,,,,,,,,,,,GPN3,,,,,
,,,,,,,,,,,,,,,VPS29,,,,,
,,,,,,,,,,,,,,,HVCN1,,,,,
,,,,,,,,,,,,,,,PPP1CC,,,,,
,,,,,,,,,,,,,,,DDX54,,,,,
,,,,,,,,,,,,,,,RITA1,,,,,
,,,,,,,,,,,,,,,RFC5,,,,,
,,,,,,,,,,,,,,,CIT,,,,,
,,,,,,,,,,,,,,,COX6A1,,,,,
,,,,,,,,,,,,,,,TRIAP1,,,,,
,,,,,,,,,,,,,,,SRSF9,,,,,
,,,,,,,,,,,,,,,COQ5,,,,,
,,,,,,,,,,,,,,,BCL7A,,,,,
,,,,,,,,,,,,,,,KNTC1,,,,,
,,,,,,,,,,,,,,,ARL6IP4,,,,,
,,,,,,,,,,,,,,,MPHOSPH9,,,,,
,,,,,,,,,,,,,,,KMT5A,,,,,
,,,,,,,,,,,,,,,EIF2B1,,,,,
,,,,,,,,,,,,,,,BRI3BP,,,,,
,,,,,,,,,,,,,,,RAN,,,,,
,,,,,,,,,,,,,,,NOC4L,,,,,
,,,,,,,,,,,,,,,POLE,,,,,
,,,,,,,,,,,,,,,PXMP2,,,,,
,,,,,,,,,,,,,,,N6AMT2,,,,,
,,,,,,,,,,,,,,,SKA3,,,,,
,,,,,,,,,,,,,,,MRPL57,,,,,
,,,,,,,,,,,,,,,CENPJ,,,,,
,,,,,,,,,,,,,,,GTF3A,,,,,
,,,,,,,,,,,,,,,POMP,,,,,
,,,,,,,,,,,,,,,SLC7A1,,,,,
,,,,,,,,,,,,,,,HMGB1,,,,,
,,,,,,,,,,,,,,,BRCA2,,,,,
,,,,,,,,,,,,,,,PDS5B,,,,,
,,,,,,,,,,,,,,,RFC3,,,,,
,,,,,,,,,,,,,,,ALG5,,,,,
,,,,,,,,,,,,,,,EXOSC8,,,,,
,,,,,,,,,,,,,,,DNAJC15,,,,,
,,,,,,,,,,,,,,,NUDT15,,,,,
,,,,,,,,,,,,,,,RB1,,,,,
,,,,,,,,,,,,,,,KPNA3,,,,,
,,,,,,,,,,,,,,,DLEU2,,,,,
,,,,,,,,,,,,,,,DLEU1,,,,,
,,,,,,,,,,,,,,,RNASEH2B,,,,,
,,,,,,,,,,,,,,,CKAP2,,,,,
,,,,,,,,,,,,,,,DIAPH3,,,,,
,,,,,,,,,,,,,,,MZT1,,,,,
,,,,,,,,,,,,,,,BORA,,,,,
,,,,,,,,,,,,,,,UCHL3,,,,,
,,,,,,,,,,,,,,,LMO7,,,,,
,,,,,,,,,,,,,,,IPO5,,,,,
,,,,,,,,,,,,,,,TEX30,,,,,
,,,,,,,,,,,,,,,CARS2,,,,,
,,,,,,,,,,,,,,,TUBGCP3,,,,,
,,,,,,,,,,,,,,,TFDP1,,,,,
,,,,,,,,,,,,,,,CHAMP1,,,,,
,,,,,,,,,,,,,,,CCNB1IP1,,,,,
,,,,,,,,,,,,,,,PARP2,,,,,
,,,,,,,,,,,,,,,OSGEP,,,,,
,,,,,,,,,,,,,,,PNP,,,,,
,,,,,,,,,,,,,,,HNRNPC,,,,,
,,,,,,,,,,,,,,,SUPT16H,,,,,
,,,,,,,,,,,,,,,MRPL52,,,,,
,,,,,,,,,,,,,,,PRMT5,,,,,
,,,,,,,,,,,,,,,PSMB5,,,,,
,,,,,,,,,,,,,,,ACIN1,,,,,
,,,,,,,,,,,,,,,PABPN1,,,,,
,,,,,,,,,,,,,,,DHRS4,,,,,
,,,,,,,,,,,,,,,EMC9,,,,,
,,,,,,,,,,,,,,,PSME2,,,,,
,,,,,,,,,,,,,,,NEDD8,,,,,
,,,,,,,,,,,,,,,SPTSSA,,,,,
,,,,,,,,,,,,,,,PPP2R3C,,,,,
,,,,,,,,,,,,,,,GEMIN2,,,,,
,,,,,,,,,,,,,,,FKBP3,,,,,
,,,,,,,,,,,,,,,MIS18BP1,,,,,
,,,,,,,,,,,,,,,LRR1,,,,,
,,,,,,,,,,,,,,,POLE2,,,,,
,,,,,,,,,,,,,,,C14orf166,,,,,
,,,,,,,,,,,,,,,GNPNAT1,,,,,
,,,,,,,,,,,,,,,CDKN3,,,,,
,,,,,,,,,,,,,,,WDHD1,,,,,
,,,,,,,,,,,,,,,DLGAP5,,,,,
,,,,,,,,,,,,,,,PSMA3,,,,,
,,,,,,,,,,,,,,,DAAM1,,,,,
,,,,,,,,,,,,,,,EIF2S1,,,,,
,,,,,,,,,,,,,,,ERH,,,,,
,,,,,,,,,,,,,,,DLST,,,,,
,,,,,,,,,,,,,,,EIF2B2,,,,,
,,,,,,,,,,,,,,,ACYP1,,,,,
,,,,,,,,,,,,,,,GSTZ1,,,,,
,,,,,,,,,,,,,,,SLIRP,,,,,
,,,,,,,,,,,,,,,CEP128,,,,,
,,,,,,,,,,,,,,,EFCAB11,,,,,
,,,,,,,,,,,,,,,TDP1,,,,,
,,,,,,,,,,,,,,,PSMC1,,,,,
,,,,,,,,,,,,,,,C14orf142,,,,,
,,,,,,,,,,,,,,,UBR7,,,,,
,,,,,,,,,,,,,,,IFI27L1,,,,,
,,,,,,,,,,,,,,,GLRX5,,,,,
,,,,,,,,,,,,,,,TCL1A,,,,,
,,,,,,,,,,,,,,,VRK1,,,,,
,,,,,,,,,,,,,,,C14orf2,,,,,
,,,,,,,,,,,,,,,SIVA1,,,,,
,,,,,,,,,,,,,,,CDCA4,,,,,
,,,,,,,,,,,,,,,C14orf80,,,,,
,,,,,,,,,,,,,,,AL928768.3,,,,,
,,,,,,,,,,,,,,,ARHGAP11B,,,,,
,,,,,,,,,,,,,,,ARHGAP11A,,,,,
,,,,,,,,,,,,,,,KATNBL1,,,,,
,,,,,,,,,,,,,,,BUB1B,,,,,
,,,,,,,,,,,,,,,KNSTRN,,,,,
,,,,,,,,,,,,,,,CASC5,,,,,
,,,,,,,,,,,,,,,RAD51,,,,,
,,,,,,,,,,,,,,,OIP5,,,,,
,,,,,,,,,,,,,,,NUSAP1,,,,,
,,,,,,,,,,,,,,,HAUS2,,,,,
,,,,,,,,,,,,,,,ADAL,,,,,
,,,,,,,,,,,,,,,WDR76,,,,,
,,,,,,,,,,,,,,,CTDSPL2,,,,,
,,,,,,,,,,,,,,,DUT,,,,,
,,,,,,,,,,,,,,,CEP152,,,,,
,,,,,,,,,,,,,,,CCNB2,,,,,
,,,,,,,,,,,,,,,GTF2A2,,,,,
,,,,,,,,,,,,,,,FAM96A,,,,,
,,,,,,,,,,,,,,,PPIB,,,,,
,,,,,,,,,,,,,,,KIAA0101,,,,,
,,,,,,,,,,,,,,,OAZ2,,,,,
,,,,,,,,,,,,,,,PIF1,,,,,
,,,,,,,,,,,,,,,HACD3,,,,,
,,,,,,,,,,,,,,,VWA9,,,,,
,,,,,,,,,,,,,,,TIPIN,,,,,
,,,,,,,,,,,,,,,ZWILCH,,,,,
,,,,,,,,,,,,,,,CLN6,,,,,
,,,,,,,,,,,,,,,ANP32A,,,,,
,,,,,,,,,,,,,,,KIF23,,,,,
,,,,,,,,,,,,,,,UBL7-AS1,,,,,
,,,,,,,,,,,,,,,COX5A,,,,,
,,,,,,,,,,,,,,,PPCDC,,,,,
,,,,,,,,,,,,,,,COMMD4,,,,,
,,,,,,,,,,,,,,,NEIL1,,,,,
,,,,,,,,,,,,,,,SNUPN,,,,,
,,,,,,,,,,,,,,,ETFA,,,,,
,,,,,,,,,,,,,,,PSMA4,,,,,
,,,,,,,,,,,,,,,CTSH,,,,,
,,,,,,,,,,,,,,,ST20,,,,,
,,,,,,,,,,,,,,,SNHG21,,,,,
,,,,,,,,,,,,,,,MRPS11,,,,,
,,,,,,,,,,,,,,,FANCI,,,,,
,,,,,,,,,,,,,,,IDH2,,,,,
,,,,,,,,,,,,,,,BLM,,,,,
,,,,,,,,,,,,,,,RCCD1,,,,,
,,,,,,,,,,,,,,,PRC1,,,,,
,,,,,,,,,,,,,,,SNRPA1,,,,,
,,,,,,,,,,,,,,,POLR3K,,,,,
,,,,,,,,,,,,,,,SNRNP25,,,,,
,,,,,,,,,,,,,,,MRPL28,,,,,
,,,,,,,,,,,,,,,FAM195A,,,,,
,,,,,,,,,,,,,,,JMJD8,,,,,
,,,,,,,,,,,,,,,CHTF18,,,,,
,,,,,,,,,,,,,,,UBE2I,,,,,
,,,,,,,,,,,,,,,HN1L,,,,,
,,,,,,,,,,,,,,,MRPS34,,,,,
,,,,,,,,,,,,,,,NUBP2,,,,,
,,,,,,,,,,,,,,,NDUFB10,,,,,
,,,,,,,,,,,,,,,GFER,,,,,
,,,,,,,,,,,,,,,NTHL1,,,,,
,,,,,,,,,,,,,,,SNHG19,,,,,
,,,,,,,,,,,,,,,TRAF7,,,,,
,,,,,,,,,,,,,,,MLST8,,,,,
,,,,,,,,,,,,,,,PGP,,,,,
,,,,,,,,,,,,,,,ECI1,,,,,
,,,,,,,,,,,,,,,RNPS1,,,,,
,,,,,,,,,,,,,,,CCNF,,,,,
,,,,,,,,,,,,,,,C16orf59,,,,,
,,,,,,,,,,,,,,,PKMYT1,,,,,
,,,,,,,,,,,,,,,PAQR4,,,,,
,,,,,,,,,,,,,,,HCFC1R1,,,,,
,,,,,,,,,,,,,,,THOC6,,,,,
,,,,,,,,,,,,,,,"TRAP1
",,,,,
,,,,,,,,,,,,,,,EEF2KMT,,,,,
,,,,,,,,,,,,,,,CARHSP1,,,,,
,,,,,,,,,,,,,,,NUBP1,,,,,
,,,,,,,,,,,,,,,RMI2,,,,,
,,,,,,,,,,,,,,,TNFRSF17,,,,,
,,,,,,,,,,,,,,,CPPED1,,,,,
,,,,,,,,,,,,,,,NTAN1,,,,,
,,,,,,,,,,,,,,,ARL6IP1,,,,,
,,,,,,,,,,,,,,,CCP110,,,,,
,,,,,,,,,,,,,,,NDUFAB1,,,,,
,,,,,,,,,,,,,,,PLK1,,,,,
,,,,,,,,,,,,,,,TUFM,,,,,
,,,,,,,,,,,,,,,CD19,,,,,
,,,,,,,,,,,,,,,KIF22,,,,,
,,,,,,,,,,,,,,,MAZ,,,,,
,,,,,,,,,,,,,,,HIRIP3,,,,,
,,,,,,,,,,,,,,,INO80E,,,,,
,,,,,,,,,,,,,,,PPP4C,,,,,
,,,,,,,,,,,,,,,CORO1A,,,,,
,,,,,,,,,,,,,,,TBC1D10B,,,,,
,,,,,,,,,,,,,,,DCTPP1,,,,,
,,,,,,,,,,,,,,,ZNF689,,,,,
,,,,,,,,,,,,,,,BCKDK,,,,,
,,,,,,,,,,,,,,,SHCBP1,,,,,
,,,,,,,,,,,,,,,ORC6,,,,,
,,,,,,,,,,,,,,,BRD7,,,,,
,,,,,,,,,,,,,,,CRNDE,,,,,
,,,,,,,,,,,,,,,NUDT21,,,,,
,,,,,,,,,,,,,,,NUP93,,,,,
,,,,,,,,,,,,,,,FAM192A,,,,,
,,,,,,,,,,,,,,,CIAPIN1,,,,,
,,,,,,,,,,,,,,,COQ9,,,,,
,,,,,,,,,,,,,,,KATNB1,,,,,
,,,,,,,,,,,,,,,GOT2,,,,,
,,,,,,,,,,,,,,,E2F4,,,,,
,,,,,,,,,,,,,,,CTCF,,,,,
,,,,,,,,,,,,,,,ACD,,,,,
,,,,,,,,,,,,,,,NUTF2,,,,,
,,,,,,,,,,,,,,,UTP4,,,,,
,,,,,,,,,,,,,,,TERF2,,,,,
,,,,,,,,,,,,,,,CYB5B,,,,,
,,,,,,,,,,,,,,,NOB1,,,,,
,,,,,,,,,,,,,,,AARS,,,,,
,,,,,,,,,,,,,,,SF3B3,,,,,
,,,,,,,,,,,,,,,TXNL4B,,,,,
,,,,,,,,,,,,,,,PSMD7,,,,,
,,,,,,,,,,,,,,,RFWD3,,,,,
,,,,,,,,,,,,,,,KARS,,,,,
,,,,,,,,,,,,,,,CMC2,,,,,
,,,,,,,,,,,,,,,CENPN,,,,,
,,,,,,,,,,,,,,,GCSH,,,,,
,,,,,,,,,,,,,,,MPHOSPH6,,,,,
,,,,,,,,,,,,,,,HSBP1,,,,,
,,,,,,,,,,,,,,,COTL1,,,,,
,,,,,,,,,,,,,,,GINS2,,,,,
,,,,,,,,,,,,,,,EMC8,,,,,
,,,,,,,,,,,,,,,IRF8,,,,,
,,,,,,,,,,,,,,,CDT1,,,,,
,,,,,,,,,,,,,,,TRAPPC2L,,,,,
,,,,,,,,,,,,,,,CHMP1A,,,,,
,,,,,,,,,,,,,,,SPATA33,,,,,
,,,,,,,,,,,,,,,FANCA,,,,,
,,,,,,,,,,,,,,,DEF8,,,,,
,,,,,,,,,,,,,,,RNMTL1,,,,,
,,,,,,,,,,,,,,,YWHAE,,,,,
,,,,,,,,,,,,,,,SRR,,,,,
,,,,,,,,,,,,,,,TSR1,,,,,
,,,,,,,,,,,,,,,EMC6,,,,,
,,,,,,,,,,,,,,,P2RX5,,,,,
,,,,,,,,,,,,,,,ATP2A3,,,,,
,,,,,,,,,,,,,,,PELP1,,,,,
,,,,,,,,,,,,,,,PSMB6,,,,,
,,,,,,,,,,,,,,,SLC25A11,,,,,
,,,,,,,,,,,,,,,PFN1,,,,,
,,,,,,,,,,,,,,,RABEP1,,,,,
,,,,,,,,,,,,,,,NUP88,,,,,
,,,,,,,,,,,,,,,C1QBP,,,,,
,,,,,,,,,,,,,,,MIS12,,,,,
,,,,,,,,,,,,,,,FAM64A,,,,,
,,,,,,,,,,,,,,,TXNDC17,,,,,
,,,,,,,,,,,,,,,C17orf49,,,,,
,,,,,,,,,,,,,,,ELP5,,,,,
,,,,,,,,,,,,,,,EIF5A,,,,,
,,,,,,,,,,,,,,,MPDU1,,,,,
,,,,,,,,,,,,,,,TP53,,,,,
,,,,,,,,,,,,,,,WRAP53,,,,,
,,,,,,,,,,,,,,,NAA38,,,,,
,,,,,,,,,,,,,,,CNTROB,,,,,
,,,,,,,,,,,,,,,TMEM107,,,,,
,,,,,,,,,,,,,,,AURKB,,,,,
,,,,,,,,,,,,,,,RANGRF,,,,,
,,,,,,,,,,,,,,,CENPV,,,,,
,,,,,,,,,,,,,,,COPS3,,,,,
,,,,,,,,,,,,,,,ATPAF2,,,,,
,,,,,,,,,,,,,,,SHMT1,,,,,
,,,,,,,,,,,,,,,TMEM11,,,,,
,,,,,,,,,,,,,,,TMEM97,,,,,
,,,,,,,,,,,,,,,POLDIP2,,,,,
,,,,,,,,,,,,,,,SPAG5,,,,,
,,,,,,,,,,,,,,,TRAF4,,,,,
,,,,,,,,,,,,,,,ERAL1,,,,,
,,,,,,,,,,,,,,,TP53I13,,,,,
,,,,,,,,,,,,,,,BLMH,,,,,
,,,,,,,,,,,,,,,ATAD5,,,,,
,,,,,,,,,,,,,,,COPRS,,,,,
,,,,,,,,,,,,,,,SUZ12,,,,,
,,,,,,,,,,,,,,,C17orf75,,,,,
,,,,,,,,,,,,,,,PSMD11,,,,,
,,,,,,,,,,,,,,,RAD51D,,,,,
,,,,,,,,,,,,,,,TAF15,,,,,
,,,,,,,,,,,,,,,TADA2A,,,,,
,,,,,,,,,,,,,,,PSMB3,,,,,
,,,,,,,,,,,,,,,PSMD3,,,,,
,,,,,,,,,,,,,,,CDC6,,,,,
,,,,,,,,,,,,,,,TOP2A,,,,,
,,,,,,,,,,,,,,,KRT10,,,,,
,,,,,,,,,,,,,,,TMEM99,,,,,
,,,,,,,,,,,,,,,ACLY,,,,,
,,,,,,,,,,,,,,,CNP,,,,,
,,,,,,,,,,,,,,,PSMC3IP,,,,,
,,,,,,,,,,,,,,,TUBG1,,,,,
,,,,,,,,,,,,,,,VPS25,,,,,
,,,,,,,,,,,,,,,PSME3,,,,,
,,,,,,,,,,,,,,,BRCA1,,,,,
,,,,,,,,,,,,,,,SLC25A39,,,,,
,,,,,,,,,,,,,,,EFTUD2,,,,,
,,,,,,,,,,,,,,,KIF18B,,,,,
,,,,,,,,,,,,,,,CDC27,,,,,
,,,,,,,,,,,,,,,KPNB1,,,,,
,,,,,,,,,,,,,,,CBX1,,,,,
,,,,,,,,,,,,,,,ATP5G1,,,,,
,,,,,,,,,,,,,,,SNF8,,,,,
,,,,,,,,,,,,,,,PHB,,,,,
,,,,,,,,,,,,,,,SLC35B1,,,,,
,,,,,,,,,,,,,,,MRPL27,,,,,
,,,,,,,,,,,,,,,LRRC59,,,,,
,,,,,,,,,,,,,,,NME1,,,,,
,,,,,,,,,,,,,,,UTP18,,,,,
,,,,,,,,,,,,,,,MRPS23,,,,,
,,,,,,,,,,,,,,,SRSF1,,,,,
,,,,,,,,,,,,,,,RAD51C,,,,,
,,,,,,,,,,,,,,,SKA2,,,,,
,,,,,,,,,,,,,,,PRR11,,,,,
,,,,,,,,,,,,,,,BRIP1,,,,,
,,,,,,,,,,,,,,,DCAF7,,,,,
,,,,,,,,,,,,,,,CCDC47,,,,,
,,,,,,,,,,,,,,,FTSJ3,,,,,
,,,,,,,,,,,,,,,PSMC5,,,,,
,,,,,,,,,,,,,,,SMARCD2,,,,,
,,,,,,,,,,,,,,,C17orf58,,,,,
,,,,,,,,,,,,,,,KPNA2,,,,,
,,,,,,,,,,,,,,,FDXR,,,,,
,,,,,,,,,,,,,,,ICT1,,,,,
,,,,,,,,,,,,,,,ATP5H,,,,,
,,,,,,,,,,,,,,,HN1,,,,,
,,,,,,,,,,,,,,,SUMO2,,,,,
,,,,,,,,,,,,,,,NUP85,,,,,
,,,,,,,,,,,,,,,MRPS7,,,,,
,,,,,,,,,,,,,,,SLC25A19,,,,,
,,,,,,,,,,,,,,,GALK1,,,,,
,,,,,,,,,,,,,,,PRPSAP1,,,,,
,,,,,,,,,,,,,,,SRSF2,,,,,
,,,,,,,,,,,,,,,TK1,,,,,
,,,,,,,,,,,,,,,BIRC5,,,,,
,,,,,,,,,,,,,,,EIF4A3,,,,,
,,,,,,,,,,,,,,,C17orf89,,,,,
,,,,,,,,,,,,,,,ACTG1,,,,,
,,,,,,,,,,,,,,,MRPL12,,,,,
,,,,,,,,,,,,,,,SLC25A10,,,,,
,,,,,,,,,,,,,,,FAM195B,,,,,
,,,,,,,,,,,,,,,P4HB,,,,,
,,,,,,,,,,,,,,,ARHGDIA,,,,,
,,,,,,,,,,,,,,,ALYREF,,,,,
,,,,,,,,,,,,,,,ANAPC11,,,,,
,,,,,,,,,,,,,,,STRA13,,,,,
,,,,,,,,,,,,,,,LRRC45,,,,,
,,,,,,,,,,,,,,,DCXR,,,,,
,,,,,,,,,,,,,,,GPS1,,,,,
,,,,,,,,,,,,,,,FN3KRP,,,,,
,,,,,,,,,,,,,,,USP14,,,,,
,,,,,,,,,,,,,,,TYMS,,,,,
,,,,,,,,,,,,,,,NDC80,,,,,
,,,,,,,,,,,,,,,RALBP1,,,,,
,,,,,,,,,,,,,,,IMPA2,,,,,
,,,,,,,,,,,,,,,AFG3L2,,,,,
,,,,,,,,,,,,,,,PSMG2,,,,,
,,,,,,,,,,,,,,,CEP76,,,,,
,,,,,,,,,,,,,,,SEH1L,,,,,
,,,,,,,,,,,,,,,CEP192,,,,,
,,,,,,,,,,,,,,,FAM210A,,,,,
,,,,,,,,,,,,,,,SNRPD1,,,,,
,,,,,,,,,,,,,,,RBBP8,,,,,
,,,,,,,,,,,,,,,TPGS2,,,,,
,,,,,,,,,,,,,,,ATP5A1,,,,,
,,,,,,,,,,,,,,,HAUS1,,,,,
,,,,,,,,,,,,,,,ACAA2,,,,,
,,,,,,,,,,,,,,,SKA1,,,,,
,,,,,,,,,,,,,,,MBD2,,,,,
,,,,,,,,,,,,,,,TCF4,,,,,
,,,,,,,,,,,,,,,TXNL1,,,,,
,,,,,,,,,,,,,,,SEC11C,,,,,
,,,,,,,,,,,,,,,TIMM21,,,,,
,,,,,,,,,,,,,,,CYB5A,,,,,
,,,,,,,,,,,,,,,TXNL4A,,,,,
,,,,,,,,,,,,,,,RBFA,,,,,
,,,,,,,,,,,,,,,SNRPB,,,,,
,,,,,,,,,,,,,,,NOP56,,,,,
,,,,,,,,,,,,,,,MRPS26,,,,,
,,,,,,,,,,,,,,,C20orf27,,,,,
,,,,,,,,,,,,,,,CDC25B,,,,,
,,,,,,,,,,,,,,,PANK2,,,,,
,,,,,,,,,,,,,,,PCNA,,,,,
,,,,,,,,,,,,,,,MCM8,,,,,
,,,,,,,,,,,,,,,MGME1,,,,,
,,,,,,,,,,,,,,,NAA20,,,,,
,,,,,,,,,,,,,,,GINS1,,,,,
,,,,,,,,,,,,,,,TPX2,,,,,
,,,,,,,,,,,,,,,MAPRE1,,,,,
,,,,,,,,,,,,,,,E2F1,,,,,
,,,,,,,,,,,,,,,PXMP4,,,,,
,,,,,,,,,,,,,,,RALY,,,,,
,,,,,,,,,,,,,,,EIF2S2,,,,,
,,,,,,,,,,,,,,,AHCY,,,,,
,,,,,,,,,,,,,,,PIGU,,,,,
,,,,,,,,,,,,,,,GSS,,,,,
,,,,,,,,,,,,,,,EIF6,,,,,
,,,,,,,,,,,,,,,UQCC1,,,,,
,,,,,,,,,,,,,,,C20orf24,,,,,
,,,,,,,,,,,,,,,DSN1,,,,,
,,,,,,,,,,,,,,,RBL1,,,,,
,,,,,,,,,,,,,,,FAM83D,,,,,
,,,,,,,,,,,,,,,IFT52,,,,,
,,,,,,,,,,,,,,,MYBL2,,,,,
,,,,,,,,,,,,,,,PKIG,,,,,
,,,,,,,,,,,,,,,ADA,,,,,
,,,,,,,,,,,,,,,DNTTIP1,,,,,
,,,,,,,,,,,,,,,UBE2C,,,,,
,,,,,,,,,,,,,,,CD40,,,,,
,,,,,,,,,,,,,,,CSE1L,,,,,
,,,,,,,,,,,,,,,DPM1,,,,,
,,,,,,,,,,,,,,,AURKA,,,,,
,,,,,,,,,,,,,,,RAE1,,,,,
,,,,,,,,,,,,,,,PRELID3B,,,,,
,,,,,,,,,,,,,,,PSMA7,,,,,
,,,,,,,,,,,,,,,ADRM1,,,,,
,,,,,,,,,,,,,,,MRGBP,,,,,
,,,,,,,,,,,,,,,PTBP1,,,,,
,,,,,,,,,,,,,,,MED16,,,,,
,,,,,,,,,,,,,,,ARID3A,,,,,
,,,,,,,,,,,,,,,WDR18,,,,,
,,,,,,,,,,,,,,,CNN2,,,,,
,,,,,,,,,,,,,,,POLR2E,,,,,
,,,,,,,,,,,,,,,ATP5D,,,,,
,,,,,,,,,,,,,,,NDUFS7,,,,,
,,,,,,,,,,,,,,,GAMT,,,,,
,,,,,,,,,,,,,,,DAZAP1,,,,,
,,,,,,,,,,,,,,,MBD3,,,,,
,,,,,,,,,,,,,,,TCF3,,,,,
,,,,,,,,,,,,,,,PLEKHJ1,,,,,
,,,,,,,,,,,,,,,SF3A2,,,,,
,,,,,,,,,,,,,,,LSM7,,,,,
,,,,,,,,,,,,,,,TIMM13,,,,,
,,,,,,,,,,,,,,,LMNB2,,,,,
,,,,,,,,,,,,,,,GNG7,,,,,
,,,,,,,,,,,,,,,SGTA,,,,,
,,,,,,,,,,,,,,,THOP1,,,,,
,,,,,,,,,,,,,,,FZR1,,,,,
,,,,,,,,,,,,,,,MRPL54,,,,,
,,,,,,,,,,,,,,,CHAF1A,,,,,
,,,,,,,,,,,,,,,CTB-50L17.10,,,,,
,,,,,,,,,,,,,,,MYDGF,,,,,
,,,,,,,,,,,,,,,UHRF1,,,,,
,,,,,,,,,,,,,,,LONP1,,,,,
,,,,,,,,,,,,,,,DUS3L,,,,,
,,,,,,,,,,,,,,,KHSRP,,,,,
,,,,,,,,,,,,,,,ELAVL1,,,,,
,,,,,,,,,,,,,,,HNRNPM,,,,,
,,,,,,,,,,,,,,,PIN1,,,,,
,,,,,,,,,,,,,,,DNMT1,,,,,
,,,,,,,,,,,,,,,MRPL4,,,,,
,,,,,,,,,,,,,,,KEAP1,,,,,
,,,,,,,,,,,,,,,CDKN2D,,,,,
,,,,,,,,,,,,,,,ILF3,,,,,
,,,,,,,,,,,,,,,SMARCA4,,,,,
,,,,,,,,,,,,,,,SPC24,,,,,
,,,,,,,,,,,,,,,ECSIT,,,,,
,,,,,,,,,,,,,,,ASNA1,,,,,
,,,,,,,,,,,,,,,RNASEH2A,,,,,
,,,,,,,,,,,,,,,FARSA,,,,,
,,,,,,,,,,,,,,,CALR,,,,,
,,,,,,,,,,,,,,,RAD23A,,,,,
,,,,,,,,,,,,,,,GADD45GIP1,,,,,
,,,,,,,,,,,,,,,DCAF15,,,,,
,,,,,,,,,,,,,,,SAMD1,,,,,
,,,,,,,,,,,,,,,ASF1B,,,,,
,,,,,,,,,,,,,,,DDX39A,,,,,
,,,,,,,,,,,,,,,ILVBL,,,,,
,,,,,,,,,,,,,,,TPM4,,,,,
,,,,,,,,,,,,,,,RAB8A,,,,,
,,,,,,,,,,,,,,,FAM32A,,,,,
,,,,,,,,,,,,,,,AP1M1,,,,,
,,,,,,,,,,,,,,,HAUS8,,,,,
,,,,,,,,,,,,,,,BABAM1,,,,,
,,,,,,,,,,,,,,,PGLS,,,,,
,,,,,,,,,,,,,,,CCDC124,,,,,
,,,,,,,,,,,,,,,MPV17L2,,,,,
,,,,,,,,,,,,,,,LSM4,,,,,
,,,,,,,,,,,,,,,KXD1,,,,,
,,,,,,,,,,,,,,,COPE,,,,,
,,,,,,,,,,,,,,,DDX49,,,,,
,,,,,,,,,,,,,,,ARMC6,,,,,
,,,,,,,,,,,,,,,NR2C2AP,,,,,
,,,,,,,,,,,,,,,ZNF85,,,,,
,,,,,,,,,,,,,,,ZNF714,,,,,
,,,,,,,,,,,,,,,ZNF738,,,,,
,,,,,,,,,,,,,,,UQCRFS1,,,,,
,,,,,,,,,,,,,,,POP4,,,,,
,,,,,,,,,,,,,,,CCNE1,,,,,
,,,,,,,,,,,,,,,PDCD5,,,,,
,,,,,,,,,,,,,,,CEP89,,,,,
,,,,,,,,,,,,,,,FAAP24,,,,,
,,,,,,,,,,,,,,,CEBPG,,,,,
,,,,,,,,,,,,,,,UBA2,,,,,
,,,,,,,,,,,,,,,CD22,,,,,
,,,,,,,,,,,,,,,HAUS5,,,,,
,,,,,,,,,,,,,,,RBM42,,,,,
,,,,,,,,,,,,,,,COX6B1,,,,,
,,,,,,,,,,,,,,,ARHGAP33,,,,,
,,,,,,,,,,,,,,,WDR62,,,,,
,,,,,,,,,,,,,,,POLR2I,,,,,
,,,,,,,,,,,,,,,YIF1B,,,,,
,,,,,,,,,,,,,,,PSMD8,,,,,
,,,,,,,,,,,,,,,MAP4K1,,,,,
,,,,,,,,,,,,,,,MRPS12,,,,,
,,,,,,,,,,,,,,,TIMM50,,,,,
,,,,,,,,,,,,,,,PSMC4,,,,,
,,,,,,,,,,,,,,,SHKBP1,,,,,
,,,,,,,,,,,,,,,SNRPA,,,,,
,,,,,,,,,,,,,,,B9D2,,,,,
,,,,,,,,,,,,,,,ATP5SL,,,,,
,,,,,,,,,,,,,,,CD79A,,,,,
,,,,,,,,,,,,,,,PAFAH1B3,,,,,
,,,,,,,,,,,,,,,ETHE1,,,,,
,,,,,,,,,,,,,,,XRCC1,,,,,
,,,,,,,,,,,,,,,TOMM40,,,,,
,,,,,,,,,,,,,,,PPP5C,,,,,
,,,,,,,,,,,,,,,CALM3,,,,,
,,,,,,,,,,,,,,,AP2S1,,,,,
,,,,,,,,,,,,,,,TMEM160,,,,,
,,,,,,,,,,,,,,,SAE1,,,,,
,,,,,,,,,,,,,,,INAFM1,,,,,
,,,,,,,,,,,,,,,LIG1,,,,,
,,,,,,,,,,,,,,,BCAT2,,,,,
,,,,,,,,,,,,,,,RUVBL2,,,,,
,,,,,,,,,,,,,,,SNRNP70,,,,,
,,,,,,,,,,,,,,,PIH1D1,,,,,
,,,,,,,,,,,,,,,ALDH16A1,,,,,
,,,,,,,,,,,,,,,BCL2L12,,,,,
,,,,,,,,,,,,,,,PRMT1,,,,,
,,,,,,,,,,,,,,,NUP62,,,,,
,,,,,,,,,,,,,,,POLD1,,,,,
,,,,,,,,,,,,,,,SPIB,,,,,
,,,,,,,,,,,,,,,C19orf48,,,,,
,,,,,,,,,,,,,,,ETFB,,,,,
,,,,,,,,,,,,,,,PRPF31,,,,,
,,,,,,,,,,,,,,,PPP6R1,,,,,
,,,,,,,,,,,,,,,HSPBP1,,,,,
,,,,,,,,,,,,,,,UBE2S,,,,,
,,,,,,,,,,,,,,,ISOC2,,,,,
,,,,,,,,,,,,,,,U2AF2,,,,,
,,,,,,,,,,,,,,,TRIM28,,,,,
,,,,,,,,,,,,,,,CECR5,,,,,
,,,,,,,,,,,,,,,BID,,,,,
,,,,,,,,,,,,,,,SLC25A1,,,,,
,,,,,,,,,,,,,,,C22orf39,,,,,
,,,,,,,,,,,,,,,UFD1L,,,,,
,,,,,,,,,,,,,,,CDC45,,,,,
,,,,,,,,,,,,,,,RANBP1,,,,,
,,,,,,,,,,,,,,,SNAP29,,,,,
,,,,,,,,,,,,,,,UBE2L3,,,,,
,,,,,,,,,,,,,,,SDF2L1,,,,,
,,,,,,,,,,,,,,,VPREB3,,,,,
,,,,,,,,,,,,,,,SMARCB1,,,,,
,,,,,,,,,,,,,,,MIF,,,,,
,,,,,,,,,,,,,,,DDT,,,,,
,,,,,,,,,,,,,,,GUCD1,,,,,
,,,,,,,,,,,,,,,SNRPD3,,,,,
,,,,,,,,,,,,,,,CHEK2,,,,,
,,,,,,,,,,,,,,,HSCB,,,,,
,,,,,,,,,,,,,,,AP1B1,,,,,
,,,,,,,,,,,,,,,THOC5,,,,,
,,,,,,,,,,,,,,,PES1,,,,,
,,,,,,,,,,,,,,,SMTN,,,,,
,,,,,,,,,,,,,,,DRG1,,,,,
,,,,,,,,,,,,,,,YWHAH,,,,,
,,,,,,,,,,,,,,,HMGXB4,,,,,
,,,,,,,,,,,,,,,MCM5,,,,,
,,,,,,,,,,,,,,,TXN2,,,,,
,,,,,,,,,,,,,,,TRIOBP,,,,,
,,,,,,,,,,,,,,,TOMM22,,,,,
,,,,,,,,,,,,,,,ADSL,,,,,
,,,,,,,,,,,,,,,SLC25A17,,,,,
,,,,,,,,,,,,,,,RBX1,,,,,
,,,,,,,,,,,,,,,RANGAP1,,,,,
,,,,,,,,,,,,,,,PHF5A,,,,,
,,,,,,,,,,,,,,,POLR3H,,,,,
,,,,,,,,,,,,,,,PMM1,,,,,
,,,,,,,,,,,,,,,XRCC6,,,,,
,,,,,,,,,,,,,,,CENPM,,,,,
,,,,,,,,,,,,,,,NDUFA6,,,,,
,,,,,,,,,,,,,,,RRP7A,,,,,
,,,,,,,,,,,,,,,CYB5R3,,,,,
,,,,,,,,,,,,,,,PACSIN2,,,,,
,,,,,,,,,,,,,,,BIK,,,,,
,,,,,,,,,,,,,,,MCAT,,,,,
,,,,,,,,,,,,,,,SAMM50,,,,,
,,,,,,,,,,,,,,,NUP50,,,,,
,,,,,,,,,,,,,,,ATXN10,,,,,
,,,,,,,,,,,,,,,GTSE1,,,,,
,,,,,,,,,,,,,,,NCAPH2,,,,,
,,,,,,,,,,,,,,,MRPL39,,,,,
,,,,,,,,,,,,,,,ATP5J,,,,,
,,,,,,,,,,,,,,,CCT8,,,,,
,,,,,,,,,,,,,,,MIS18A,,,,,
,,,,,,,,,,,,,,,DONSON,,,,,
,,,,,,,,,,,,,,,ATP5O,,,,,
,,,,,,,,,,,,,,,CBR3,,,,,
,,,,,,,,,,,,,,,CHAF1B,,,,,
,,,,,,,,,,,,,,,PSMG1,,,,,
,,,,,,,,,,,,,,,HMGN1,,,,,
,,,,,,,,,,,,,,,WDR4,,,,,
,,,,,,,,,,,,,,,RRP1B,,,,,
,,,,,,,,,,,,,,,PDXK,,,,,
,,,,,,,,,,,,,,,RRP1,,,,,
,,,,,,,,,,,,,,,SUMO3,,,,,
,,,,,,,,,,,,,,,FAM207A,,,,,
,,,,,,,,,,,,,,,C21orf58,,,,,
,,,,,,,,,,,,,,,PCNT,,,,,
,,,,,,,,,,,,,,,AC004556.1,,,,,
,,,,,,,,,,,,,,,RABL6,,,,,
